Workbook

Sheet 157.5.6
A1: EXAMINING THE FEASIBILITY OF CONSUMPTION OF BUILT UP AREA
A2: CGO OFFICE COMPLEX
A4: A. PLOT, FSI & REGULATORY INPUTS (enter values for the plot being checked)
A5: Sr.No | B5: Particulars | C5: Details | D5: Units
A6: 1 | B6: Plot Number / Identification | C6: 157 5/6
A7: 2 | B7: Plot Area | C7: =CGO_PLOT_DIMENSIONS!C23 -> 4308.12 | D7: Sqm
A8: 3 | B8: Ground Coverage (footprint at ground level) | C8: 2483.1
A9: 4 | B9: Ground Coverage (Between heights 24m to 37.5m) | C9: 2080.23
A10: 5 | B10: Ground Coverage (Above the height of 37.5m) | C10: 1711.56 | D10: Sqm
A11: 6 | B11: Total Permissible FSI (Base + Additional) | C11: 4.8 | D11: —
A12: 7 | B12: Additional area for chowk, shaft, etc. | C12: 0.3 | D12: %
A13: 8 | B13: Front Setback | C13: 12 m
A14: 9 | B14: Side Setback | C14: 6 m
A15: 10 | B15: Max. Permissible Height of Building | C15: =CGO_PLOT_DIMENSIONS!I23 -> 73.2 | D15: m
A16: 11 | B16: Plinth Height | C16: 0.15 | D16: m
A17: 12 | B17: Typical Office Floor-to-Floor Height | C17: 3.3 | D17: m
A18: 13 | B18: Podium Parking Floor-to-Floor Height | C18: 2.4 | D18: m
A20: B. PERMISSIBLE BUA CALCULATION
A21: Sr.No | B21: Particulars | C21: Details | D21: Units
A22: 1 | B22: Total Permissible BUA (Plot Area x FSI) | C22: =C7*C11 -> 20678.976 | D22: Sqm
A23: 2 | B23: Additional area for chowk, shaft, etc. | C23: =C22*C12 -> 6203.6928 | D23: Sqm
A24: 3 | B24: Total BUA | C24: =C22+C23 -> 26882.669 | D24: Sqm
A26: C. BASEMENT CALCULATION
A27: Sr.No | B27: Particulars | C27: Details | D27: Units
A28: 1 | B28: Basement Setback from Plot Boundary (DCR 1991) | C28: 1.5 | D28: m
A29: 2 | B29: Basement Floor Plate Area (achievable footprint after 1.5 m margin) | C29: =CGO_PLOT_DIMENSIONS!H23 -> 3919.4 | D29: Sqm
A30: 3 | B30: No. of Basement Floors Proposed | C30: 3 | D30: Nos.
A31: 4 | B31: Basement Floor-to-Floor Height | C31: 3.3 | D31: m
A32: 5 | B32: Total Basement BUA (Floors x Floor Plate) | C32: =C30*C29 -> 11758.2 | D32: Sqm
A34: D. PARKING REQUIREMENTS
A35: Sr.No | B35: Particulars | C35: Value | D35: Units
A36: 1 | B36: Parking upto 1500 Sqm @ 37.5 Sqm per space | C36: =IF(C32<=1500, C32/37.5, 1500/37.5) -> 40 | D36: Nos.
A37: 2 | B37: Remaining Built up Area (BUA - 1500) | C37: =C24-1500 -> 25382.669 | D37: Sqm
A38: 3 | B38: Parking for remaining BUA @ 75 Sqm per space | C38: =IF(C24>1500, (C24-1500)/75, 0) -> 338.43558 | D38: Nos.
A39: 4 | B39: Total Parking Required | C39: =C36+C38 -> 378.43558 | D39: Nos.
A40: 5 | B40: Additional 10% Visitor Parking | C40: =C39*0.1 -> 37.843558 | D40: Nos.
A41: 6 | B41: Total Parking with Visitor | C41: =C39+C40 -> 416.27914 | D41: Nos.
A42: 7 | B42: BUA required for parking @ 35 Sqm per car | C42: =C41*35 -> 14569.77 | D42: Sqm
A43: 8 | B43: Parking requrement met in Basement | C43: =C32 -> 11758.2
A44: 9 | B44: Balance Parking area required | C44: =C42-C43 -> 2811.57 | D44: Sqm
A45: 10 | B45: Nos. of podium floors required for Parking | C45: =ROUNDUP( C44 / C8, 0) -> 2 | D45: Nos.
A47: E. SIDE CALCULATION: FLOOR PLATE BREAKDOWN BY SETBACK
A48: Setback Stage | B48: Height Band Applicable | C48: Floor Plate Area (Sqm) | D48: Height Available (m) | E48: No.of permissible floors (@3.3m high floors) | F48: No. of Floors parking (@2.4m high floors) | G48: BUA Consumed (Parking) | H48: Height Consumed (Parking) | I48: Remaining Height (m) | J48: Office Floors | K48: Height Consumed (Office)(m) | L48: Gross BUA office spaces | M48: TOTAL HEIGHT
A49: 6 m setback | B49: Upto 24 m | C49: =C8 -> 2483.1 | D49: 24 | E49: =24/3.3 -> 7.2727273 | F49: =MIN(ROUNDUP(C44 /C49, 0), 10) -> 2 | G49: =C49*F49 -> 4966.2 | H49: =F49* $C$18 -> 4.8 | I49: =D49-H49 -> 19.2 | J49: =INT(I49/C17) -> 5 | K49: =J49 * $C$17 -> 16.5 | L49: =C49*J49 -> 12415.5 | M49: =( F49* C18 ) + ( J49 * C17 ) -> 21.3
A50: 9 m setback | B50: 24 m - 37.5 m | C50: =C9 -> 2080.23 | D50: 13.5 | E50: =D50/3.3 -> 4.0909091 | F50: =IF(C45>10,MIN(ROUNDUP((C44-(G49))/C50,0),0),0) -> 0 | G50: =C50*F50 -> 0 | H50: =F50* $C$18 -> 0 | I50: =D50-H50 -> 13.5 | J50: =INT(I50/C17) -> 4 | K50: =J50 * $C$17 -> 13.2 | L50: =C50*J50 -> 8320.92 | M50: =( F50* C18 ) + ( J50 * C17 ) -> 13.2
A51: 12 m setback | B51: Beyond 37.5 m (no height limit) | C51: =C10 -> 1711.56 | D51: =$C$15 - 37.5 -> 35.7 | E51: =INT(D51/C17) -> 10 | F51: =IF((C44 - G49 - G50) > 0, MIN(ROUNDUP((C44 - G49 - G50) / C51, 0), 0),0) -> 0 | G51: =C51*F51 -> 0 | H51: =F51* $C$18 -> 0 | I51: =D51-H51 -> 35.7 | J51: =INT(I51/C17) -> 10 | K51: =J51 * $C$17 -> 33 | L51: =C51*J51 -> 17115.6 | M51: =( F51* C18 ) + ( J51 * C17 ) -> 33
A52: TOTAL | F52: =F49+F50+F51 -> 2 | G52: =SUM(G49:G51) -> 4966.2 | H52: =SUM(H49:H51) -> 4.8 | I52: feasible office floors | J52: =SUM(J49:J51) -> 19 | K52: =SUM(K49:K51) -> 62.7 | L52: =L49+L50+L51 -> 37852.02 | M52: =SUM(M49:M51) -> 67.5
A54: F. HEIGHT ANALYSIS & FEASIBILITY
A55: Sr.No | B55: Particulars | C55: Value | D55: Units
A56: 1 | B56: Max. Permissible Height | C56: =C15 -> 73.2 | D56: m
A57: 2 | B57: Plinth Height | C57: 0.15 | D57: m
A58: 3 | B58: Estimated Podium Parking Floors | C58: =C45 -> 2 | D58: Nos.
A59: 4 | B59: Podium Height @ 2.4m per floor | C59: =C58*2.4 -> 4.8 | D59: m
A60: 5 | B60: Balance Height for Office | C60: =C56-(C59+C57) -> 68.25 | D60: m
A61: 6 | B61: Actual total height consumed | C61: =(SUM(J49,J50,J51) * 3.3) + (SUM(F49,F50,F51) * 2.4) + C57 -> 67.65 | D61: m
A62: 7 | B62: Height consumed for offices | C62: =K52 -> 62.7
A63: 8 | B63: Height per Office Floor | C63: 3.3 | D63: m
A64: 9 | B64: Permissible Office Floors based on norms | C64: =INT(C60/C63) -> 20 | D64: Nos.
A65: 10 | B65: Total permissible Floors (Podium + Office) | C65: =C64+C58 -> 22 | D65: Nos.
A66: 11 | B66: Feasible office floors | C66: =J52 -> 19
A67: 12 | B67: Feasible total no.of floors | C67: =SUM(F52,J52) -> 21
A68: 13 | B68: Permsisible BUA Consumption of offices | C68: =C24 -> 26882.669 | D68: Sqm
A69: 14 | B69: Achieved BUA by offices | C69: =L52 -> 37852.02
A73: G. BUA CALCULATION BASED ON ATTAINING THE BUA INSTEAD OF THE THE HEIGHT
A74: Setback Stage | B74: Height Band Applicable | C74: Floor Plate Area (Sqm) | D74: Height Available (m) | E74: No.of permissible floors (@3.3m high floors) | F74: No. of Floors parking (@2.4m high floors) | G74: BUA Consumed (Parking) | H74: Height Consumed (Parking) | I74: Remaining Height (m) | J74: Floors to be achieved @ 3.3M | K74: Achievable BUA | L74: Permmissible BUA distribution | M74: No.of floors based on permissible BUA | N74: Height Consumed (Office)(m) | O74: Total height
A75: 6 m setback | B75: Upto 24 m | C75: =C8 -> 2483.1 | D75: 24 | E75: =24/3.3 -> 7.2727273 | F75: =F49 -> 2 | G75: =G49 -> 4966.2 | H75: =H49 -> 4.8 | I75: =D75-H75 -> 19.2 | J75: =INT(I75/C17) -> 5 | K75: =J75*C75 -> 12415.5 | L75: =MIN(C24, K75) -> 12415.5 | M75: =ROUNDDOWN((L75/C75),0) -> 5 | N75: =C17*M75 -> 16.5 | O75: =H75+N75 -> 21.3
A76: 9 m setback | B76: 24 m - 37.5 m | C76: =C9 -> 2080.23 | D76: 13.5 | E76: =D76/3.3 -> 4.0909091 | F76: =F50 -> 0 | G76: =G50 -> 0 | H76: =H50 -> 0 | I76: =D76-H76 -> 13.5 | J76: =INT(I76/C17) -> 4 | K76: =J76*C76 -> 8320.92 | L76: =MAX(0, MIN(K76, C24 - L75)) -> 8320.92 | M76: =ROUNDDOWN((L76/C76),0) -> 4 | N76: =C17*M76 -> 13.2 | O76: =H76+N76 -> 13.2
A77: 12 m setback | B77: Beyond 37.5 m (no height limit) | C77: =C10 -> 1711.56 | D77: =$C$15 - 37.5 -> 35.7 | E77: =INT(D77/C43) -> 0 | F77: =F51 -> 0 | G77: =G51 -> 0 | H77: =H51 -> 0 | I77: =D77-H77 -> 35.7 | J77: =INT(I77/C17) -> 10 | K77: =J77*C77 -> 17115.6 | L77: =MAX(0, MIN(K77, C24 - L75 - L76)) -> 6146.2488 | M77: =ROUNDDOWN((L77/C77),0) -> 3 | N77: =C17*M77 -> 9.9 | O77: =H77+N77 -> 9.9
A78: TOTAL | F78: =F75+F76+F77 -> 2 | G78: =SUM(G75:G77) -> 4966.2 | H78: =SUM(H75:H77) -> 4.8 | I78: feasible office floors | J78: =SUM(J75:J77) -> 19 | K78: =SUM(K75:K77) -> 37852.02 | L78: =L75+L76+L77 -> 26882.669 | M78: =SUM(M75:M77) -> 12 | N78: =SUM(N75:N77) -> 39.6 | O78: =SUM(O75:O77) -> 44.4
L80: PODIUM FLOORS | M80: =F78 -> 2
L81: OFFICE FLOORS | M81: =M78 -> 12
L82: TOTAL FLOORS | M82: =SUM(M80:M81) -> 14

Sheet 157.3.4
A1: EXAMINING THE FEASIBILITY OF CONSUMPTION OF BUILT UP AREA
A2: CGO OFFICE COMPLEX
A4: A. PLOT, FSI & REGULATORY INPUTS (enter values for the plot being checked)
A5: Sr.No | B5: Particulars | C5: Details | D5: Units
A6: 1 | B6: Plot Number / Identification | C6: 157 3/4
A7: 2 | B7: Plot Area | C7: =CGO_PLOT_DIMENSIONS!C22 -> 3785.56 | D7: Sqm
A8: 3 | B8: Ground Coverage (footprint at ground level) | C8: 2158.02
A9: 4 | B9: Ground Coverage (Between heights 24m to 37.5m) | C9: 1765.12
A10: 5 | B10: Ground Coverage (Above the height of 37.5m) | C10: 1408.21 | D10: Sqm
A11: 6 | B11: Total Permissible FSI (Base + Additional) | C11: 4.8 | D11: —
A12: 7 | B12: Additional area for chowk, shaft, etc. | C12: 0.3 | D12: %
A13: 8 | B13: Front Setback | C13: 12 m
A14: 9 | B14: Side Setback | C14: 6 m
A15: 10 | B15: Max. Permissible Height of Building | C15: =CGO_PLOT_DIMENSIONS!I22 -> 73.2 | D15: m
A16: 11 | B16: Plinth Height | C16: 0.15 | D16: m
A17: 12 | B17: Typical Office Floor-to-Floor Height | C17: 3.3 | D17: m
A18: 13 | B18: Podium Parking Floor-to-Floor Height | C18: 2.4 | D18: m
A20: B. PERMISSIBLE BUA CALCULATION
A21: Sr.No | B21: Particulars | C21: Details | D21: Units
A22: 1 | B22: Total Permissible BUA (Plot Area x FSI) | C22: =C7*C11 -> 18170.688 | D22: Sqm
A23: 2 | B23: Additional area for chowk, shaft, etc. | C23: =C22*C12 -> 5451.2064 | D23: Sqm
A24: 3 | B24: Total BUA | C24: =C22+C23 -> 23621.894 | D24: Sqm
A26: C. BASEMENT CALCULATION
A27: Sr.No | B27: Particulars | C27: Details | D27: Units
A28: 1 | B28: Basement Setback from Plot Boundary (DCR 1991) | C28: 1.5 | D28: m
A29: 2 | B29: Basement Floor Plate Area (achievable footprint after 1.5 m margin) | C29: =CGO_PLOT_DIMENSIONS!H22 -> 3425.39 | D29: Sqm
A30: 3 | B30: No. of Basement Floors Proposed | C30: 3 | D30: Nos.
A31: 4 | B31: Basement Floor-to-Floor Height | C31: 3.3 | D31: m
A32: 5 | B32: Total Basement BUA (Floors x Floor Plate) | C32: =C30*C29 -> 10276.17 | D32: Sqm
A34: D. PARKING REQUIREMENTS
A35: Sr.No | B35: Particulars | C35: Value | D35: Units
A36: 1 | B36: Parking upto 1500 Sqm @ 37.5 Sqm per space | C36: =IF(C32<=1500, C32/37.5, 1500/37.5) -> 40 | D36: Nos.
A37: 2 | B37: Remaining Built up Area (BUA - 1500) | C37: =C24-1500 -> 22121.894 | D37: Sqm
A38: 3 | B38: Parking for remaining BUA @ 75 Sqm per space | C38: =IF(C24>1500, (C24-1500)/75, 0) -> 294.95859 | D38: Nos.
A39: 4 | B39: Total Parking Required | C39: =C36+C38 -> 334.95859 | D39: Nos.
A40: 5 | B40: Additional 10% Visitor Parking | C40: =C39*0.1 -> 33.495859 | D40: Nos.
A41: 6 | B41: Total Parking with Visitor | C41: =C39+C40 -> 368.45445 | D41: Nos.
A42: 7 | B42: BUA required for parking @ 35 Sqm per car | C42: =C41*35 -> 12895.906 | D42: Sqm
A43: 8 | B43: Parking requrement met in Basement | C43: =C32 -> 10276.17
A44: 9 | B44: Balance Parking area required | C44: =C42-C43 -> 2619.7358 | D44: Sqm
A45: 10 | B45: Nos. of podium floors required for Parking | C45: =ROUNDUP( C44 / C8, 0) -> 2 | D45: Nos.
A47: E. SIDE CALCULATION: FLOOR PLATE BREAKDOWN BY SETBACK
A48: Setback Stage | B48: Height Band Applicable | C48: Floor Plate Area (Sqm) | D48: Height Available (m) | E48: No.of permissible floors (@3.3m high floors) | F48: No. of Floors parking (@2.4m high floors) | G48: BUA Consumed (Parking) | H48: Height Consumed (Parking) | I48: Remaining Height (m) | J48: Office Floors | K48: Height Consumed (Office)(m) | L48: Gross BUA office spaces | M48: TOTAL HEIGHT
A49: 6 m setback | B49: Upto 24 m | C49: =C8 -> 2158.02 | D49: 24 | E49: =24/3.3 -> 7.2727273 | F49: =MIN(ROUNDUP(C44 /C49, 0), 10) -> 2 | G49: =C49*F49 -> 4316.04 | H49: =F49* $C$18 -> 4.8 | I49: =D49-H49 -> 19.2 | J49: =INT(I49/C17) -> 5 | K49: =J49 * $C$17 -> 16.5 | L49: =C49*J49 -> 10790.1 | M49: =( F49* C18 ) + ( J49 * C17 ) -> 21.3
A50: 9 m setback | B50: 24 m - 37.5 m | C50: =C9 -> 1765.12 | D50: 13.5 | E50: =D50/3.3 -> 4.0909091 | F50: =IF(C45>10,MIN(ROUNDUP((C44-(G49))/C50,0),0),0) -> 0 | G50: =C50*F50 -> 0 | H50: =F50* $C$18 -> 0 | I50: =D50-H50 -> 13.5 | J50: =INT(I50/C17) -> 4 | K50: =J50 * $C$17 -> 13.2 | L50: =C50*J50 -> 7060.48 | M50: =( F50* C18 ) + ( J50 * C17 ) -> 13.2
A51: 12 m setback | B51: Beyond 37.5 m (no height limit) | C51: =C10 -> 1408.21 | D51: =$C$15 - 37.5 -> 35.7 | E51: =INT(D51/C17) -> 10 | F51: =IF((C44 - G49 - G50) > 0, MIN(ROUNDUP((C44 - G49 - G50) / C51, 0), 0),0) -> 0 | G51: =C51*F51 -> 0 | H51: =F51* $C$18 -> 0 | I51: =D51-H51 -> 35.7 | J51: =INT(I51/C17) -> 10 | K51: =J51 * $C$17 -> 33 | L51: =C51*J51 -> 14082.1 | M51: =( F51* C18 ) + ( J51 * C17 ) -> 33
A52: TOTAL | F52: =F49+F50+F51 -> 2 | G52: =SUM(G49:G51) -> 4316.04 | H52: =SUM(H49:H51) -> 4.8 | I52: feasible office floors | J52: =SUM(J49:J51) -> 19 | K52: =SUM(K49:K51) -> 62.7 | L52: =L49+L50+L51 -> 31932.68 | M52: =SUM(M49:M51) -> 67.5
A54: F. HEIGHT ANALYSIS & FEASIBILITY
A55: Sr.No | B55: Particulars | C55: Value | D55: Units
A56: 1 | B56: Max. Permissible Height | C56: =C15 -> 73.2 | D56: m
A57: 2 | B57: Plinth Height | C57: 0.15 | D57: m
A58: 3 | B58: Estimated Podium Parking Floors | C58: =C45 -> 2 | D58: Nos.
A59: 4 | B59: Podium Height @ 2.4m per floor | C59: =C58*2.4 -> 4.8 | D59: m
A60: 5 | B60: Balance Height for Office | C60: =C56-(C59+C57) -> 68.25 | D60: m
A61: 6 | B61: Actual total height consumed | C61: =(SUM(J49,J50,J51) * 3.3) + (SUM(F49,F50,F51) * 2.4) + C57 -> 67.65 | D61: m
A62: 7 | B62: Height consumed for offices | C62: =K52 -> 62.7
A63: 8 | B63: Height per Office Floor | C63: 3.3 | D63: m
A64: 9 | B64: Permissible Office Floors based on norms | C64: =INT(C60/C63) -> 20 | D64: Nos.
A65: 10 | B65: Total permissible Floors (Podium + Office) | C65: =C64+C58 -> 22 | D65: Nos.
A66: 11 | B66: Feasible office floors | C66: =J52 -> 19
A67: 12 | B67: Feasible total no.of floors | C67: =SUM(F52,J52) -> 21
A68: 13 | B68: Permsisible BUA Consumption of offices | C68: =C24 -> 23621.894 | D68: Sqm
A69: 14 | B69: Achieved BUA by offices | C69: =L52 -> 31932.68
A73: G. BUA CALCULATION BASED ON ATTAINING THE BUA INSTEAD OF THE THE HEIGHT
A74: Setback Stage | B74: Height Band Applicable | C74: Floor Plate Area (Sqm) | D74: Height Available (m) | E74: No.of permissible floors (@3.3m high floors) | F74: No. of Floors parking (@2.4m high floors) | G74: BUA Consumed (Parking) | H74: Height Consumed (Parking) | I74: Remaining Height (m) | J74: Floors to be achieved @ 3.3M | K74: Achievable BUA | L74: Permmissible BUA distribution | M74: No.of floors based on permissible BUA | N74: Height Consumed (Office)(m) | O74: Total height
A75: 6 m setback | B75: Upto 24 m | C75: =C8 -> 2158.02 | D75: 24 | E75: =24/3.3 -> 7.2727273 | F75: =F49 -> 2 | G75: =G49 -> 4316.04 | H75: =H49 -> 4.8 | I75: =D75-H75 -> 19.2 | J75: =INT(I75/C17) -> 5 | K75: =J75*C75 -> 10790.1 | L75: =MIN(C24, K75) -> 10790.1 | M75: =ROUNDDOWN((L75/C75),0) -> 5 | N75: =C17*M75 -> 16.5 | O75: =H75+N75 -> 21.3
A76: 9 m setback | B76: 24 m - 37.5 m | C76: =C9 -> 1765.12 | D76: 13.5 | E76: =D76/3.3 -> 4.0909091 | F76: =F50 -> 0 | G76: =G50 -> 0 | H76: =H50 -> 0 | I76: =D76-H76 -> 13.5 | J76: =INT(I76/C17) -> 4 | K76: =J76*C76 -> 7060.48 | L76: =MAX(0, MIN(K76, C24 - L75)) -> 7060.48 | M76: =ROUNDDOWN((L76/C76),0) -> 4 | N76: =C17*M76 -> 13.2 | O76: =H76+N76 -> 13.2
A77: 12 m setback | B77: Beyond 37.5 m (no height limit) | C77: =C10 -> 1408.21 | D77: =$C$15 - 37.5 -> 35.7 | E77: =INT(D77/C43) -> 0 | F77: =F51 -> 0 | G77: =G51 -> 0 | H77: =H51 -> 0 | I77: =D77-H77 -> 35.7 | J77: =INT(I77/C17) -> 10 | K77: =J77*C77 -> 14082.1 | L77: =MAX(0, MIN(K77, C24 - L75 - L76)) -> 5771.3144 | M77: =ROUNDDOWN((L77/C77),0) -> 4 | N77: =C17*M77 -> 13.2 | O77: =H77+N77 -> 13.2
A78: TOTAL | F78: =F75+F76+F77 -> 2 | G78: =SUM(G75:G77) -> 4316.04 | H78: =SUM(H75:H77) -> 4.8 | I78: feasible office floors | J78: =SUM(J75:J77) -> 19 | K78: =SUM(K75:K77) -> 31932.68 | L78: =L75+L76+L77 -> 23621.894 | M78: =SUM(M75:M77) -> 13 | N78: =SUM(N75:N77) -> 42.9 | O78: =SUM(O75:O77) -> 47.7
L80: PODIUM FLOORS | M80: =F78 -> 2
L81: OFFICE FLOORS | M81: =M78 -> 13
L82: TOTAL FLOORS | M82: =SUM(M80:M81) -> 15

Sheet 157.1.2
A1: EXAMINING THE FEASIBILITY OF CONSUMPTION OF BUILT UP AREA
A2: CGO OFFICE COMPLEX
A4: A. PLOT, FSI & REGULATORY INPUTS (enter values for the plot being checked)
A5: Sr.No | B5: Particulars | C5: Details | D5: Units
A6: 1 | B6: Plot Number / Identification | C6: 157 1/2
A7: 2 | B7: Plot Area | C7: 2104.16 | D7: Sqm
A8: 3 | B8: Ground Coverage (footprint at ground level) | C8: 965.49
A9: 4 | B9: Ground Coverage (Between heights 24m to 37.5m) | C9: 654.16
A10: 5 | B10: Ground Coverage (Above the height of 37.5m) | C10: 378.82 | D10: Sqm
A11: 6 | B11: Total Permissible FSI (Base + Additional) | C11: 4.8 | D11: —
A12: 7 | B12: Additional area for chowk, shaft, etc. | C12: 0.3 | D12: %
A13: 8 | B13: Front Setback | C13: 12 m
A14: 9 | B14: Side Setback | C14: 6 m
A15: 10 | B15: Max. Permissible Height of Building | C15: =CGO_PLOT_DIMENSIONS!I21 -> 73.2 | D15: m
A16: 11 | B16: Plinth Height | C16: 0.15 | D16: m
A17: 12 | B17: Typical Office Floor-to-Floor Height | C17: 3.3 | D17: m
A18: 13 | B18: Podium Parking Floor-to-Floor Height | C18: 2.4 | D18: m
A20: B. PERMISSIBLE BUA CALCULATION
A21: Sr.No | B21: Particulars | C21: Details | D21: Units
A22: 1 | B22: Total Permissible BUA (Plot Area x FSI) | C22: =C7*C11 -> 10099.968 | D22: Sqm
A23: 2 | B23: Additional area for chowk, shaft, etc. | C23: =C22*C12 -> 3029.9904 | D23: Sqm
A24: 3 | B24: Total BUA | C24: =C22+C23 -> 13129.958 | D24: Sqm
A26: C. BASEMENT CALCULATION
A27: Sr.No | B27: Particulars | C27: Details | D27: Units
A28: 1 | B28: Basement Setback from Plot Boundary (DCR 1991) | C28: 1.5 | D28: m
A29: 2 | B29: Basement Floor Plate Area (achievable footprint after 1.5 m margin) | C29: =CGO_PLOT_DIMENSIONS!H21 -> 1825.49 | D29: Sqm
A30: 3 | B30: No. of Basement Floors Proposed | C30: 3 | D30: Nos.
A31: 4 | B31: Basement Floor-to-Floor Height | C31: 3.3 | D31: m
A32: 5 | B32: Total Basement BUA (Floors x Floor Plate) | C32: =C30*C29 -> 5476.47 | D32: Sqm
A34: D. PARKING REQUIREMENTS
A35: Sr.No | B35: Particulars | C35: Value | D35: Units
A36: 1 | B36: Parking upto 1500 Sqm @ 37.5 Sqm per space | C36: =IF(C32<=1500, C32/37.5, 1500/37.5) -> 40 | D36: Nos.
A37: 2 | B37: Remaining Built up Area (BUA - 1500) | C37: =C24-1500 -> 11629.958 | D37: Sqm
A38: 3 | B38: Parking for remaining BUA @ 75 Sqm per space | C38: =IF(C24>1500, (C24-1500)/75, 0) -> 155.06611 | D38: Nos.
A39: 4 | B39: Total Parking Required | C39: =C36+C38 -> 195.06611 | D39: Nos.
A40: 5 | B40: Additional 10% Visitor Parking | C40: =C39*0.1 -> 19.506611 | D40: Nos.
A41: 6 | B41: Total Parking with Visitor | C41: =C39+C40 -> 214.57272 | D41: Nos.
A42: 7 | B42: BUA required for parking @ 35 Sqm per car | C42: =C41*35 -> 7510.0453 | D42: Sqm
A43: 8 | B43: Parking requrement met in Basement | C43: =C32 -> 5476.47
A44: 9 | B44: Balance Parking area required | C44: =C42-C43 -> 2033.5753 | D44: Sqm
A45: 10 | B45: Nos. of podium floors required for Parking | C45: =ROUNDUP( C44 / C8, 0) -> 3 | D45: Nos.
A47: E. SIDE CALCULATION: FLOOR PLATE BREAKDOWN BY SETBACK
A48: Setback Stage | B48: Height Band Applicable | C48: Floor Plate Area (Sqm) | D48: Height Available (m) | E48: No.of permissible floors (@3.3m high floors) | F48: No. of Floors parking (@2.4m high floors) | G48: BUA Consumed (Parking) | H48: Height Consumed (Parking) | I48: Remaining Height (m) | J48: Office Floors | K48: Height Consumed (Office)(m) | L48: Gross BUA office spaces | M48: TOTAL HEIGHT
A49: 6 m setback | B49: Upto 24 m | C49: =C8 -> 965.49 | D49: 24 | E49: =24/3.3 -> 7.2727273 | F49: =MIN(ROUNDUP(C44 /C49, 0), 10) -> 3 | G49: =C49*F49 -> 2896.47 | H49: =F49* $C$18 -> 7.2 | I49: =D49-H49 -> 16.8 | J49: =INT(I49/C17) -> 5 | K49: =J49 * $C$17 -> 16.5 | L49: =C49*J49 -> 4827.45 | M49: =( F49* C18 ) + ( J49 * C17 ) -> 23.7
A50: 9 m setback | B50: 24 m - 37.5 m | C50: =C9 -> 654.16 | D50: 13.5 | E50: =D50/3.3 -> 4.0909091 | F50: =IF(C45>10,MIN(ROUNDUP((C44-(G49))/C50,0),0),0) -> 0 | G50: =C50*F50 -> 0 | H50: =F50* $C$18 -> 0 | I50: =D50-H50 -> 13.5 | J50: =INT(I50/C17) -> 4 | K50: =J50 * $C$17 -> 13.2 | L50: =C50*J50 -> 2616.64 | M50: =( F50* C18 ) + ( J50 * C17 ) -> 13.2
A51: 12 m setback | B51: Beyond 37.5 m (no height limit) | C51: =C10 -> 378.82 | D51: =$C$15 - 37.5 -> 35.7 | E51: =INT(D51/C17) -> 10 | F51: =IF((C44 - G49 - G50) > 0, MIN(ROUNDUP((C44 - G49 - G50) / C51, 0), 0),0) -> 0 | G51: =C51*F51 -> 0 | H51: =F51* $C$18 -> 0 | I51: =D51-H51 -> 35.7 | J51: =INT(I51/C17) -> 10 | K51: =J51 * $C$17 -> 33 | L51: =C51*J51 -> 3788.2 | M51: =( F51* C18 ) + ( J51 * C17 ) -> 33
A52: TOTAL | F52: =F49+F50+F51 -> 3 | G52: =SUM(G49:G51) -> 2896.47 | H52: =SUM(H49:H51) -> 7.2 | I52: feasible office floors | J52: =SUM(J49:J51) -> 19 | K52: =SUM(K49:K51) -> 62.7 | L52: =L49+L50+L51 -> 11232.29 | M52: =SUM(M49:M51) -> 69.9
A54: F. HEIGHT ANALYSIS & FEASIBILITY
A55: Sr.No | B55: Particulars | C55: Value | D55: Units
A56: 1 | B56: Max. Permissible Height | C56: =C15 -> 73.2 | D56: m
A57: 2 | B57: Plinth Height | C57: 0.15 | D57: m
A58: 3 | B58: Estimated Podium Parking Floors | C58: =C45 -> 3 | D58: Nos.
A59: 4 | B59: Podium Height @ 2.4m per floor | C59: =C58*2.4 -> 7.2 | D59: m
A60: 5 | B60: Balance Height for Office | C60: =C56-(C59+C57) -> 65.85 | D60: m
A61: 6 | B61: Actual total height consumed | C61: =(SUM(J49,J50,J51) * 3.3) + (SUM(F49,F50,F51) * 2.4) + C57 -> 70.05 | D61: m
A62: 7 | B62: Height consumed for offices | C62: =K52 -> 62.7
A63: 8 | B63: Height per Office Floor | C63: 3.3 | D63: m
A64: 9 | B64: Permissible Office Floors based on norms | C64: =INT(C60/C63) -> 19 | D64: Nos.
A65: 10 | B65: Total permissible Floors (Podium + Office) | C65: =C64+C58 -> 22 | D65: Nos.
A66: 11 | B66: Feasible office floors | C66: =J52 -> 19
A67: 12 | B67: Feasible total no.of floors | C67: =SUM(F52,J52) -> 22
A68: 13 | B68: Permsisible BUA Consumption of offices | C68: =C24 -> 13129.958 | D68: Sqm
A69: 14 | B69: Achieved BUA by offices | C69: =L52 -> 11232.29
A73: G. BUA CALCULATION BASED ON ATTAINING THE BUA INSTEAD OF THE THE HEIGHT
A74: Setback Stage | B74: Height Band Applicable | C74: Floor Plate Area (Sqm) | D74: Height Available (m) | E74: No.of permissible floors (@3.3m high floors) | F74: No. of Floors parking (@2.4m high floors) | G74: BUA Consumed (Parking) | H74: Height Consumed (Parking) | I74: Remaining Height (m) | J74: Floors to be achieved @ 3.3M | K74: Achievable BUA | L74: Permmissible BUA distribution | M74: No.of floors based on permissible BUA | N74: Height Consumed (Office)(m) | O74: Total height
A75: 6 m setback | B75: Upto 24 m | C75: =C8 -> 965.49 | D75: 24 | E75: =24/3.3 -> 7.2727273 | F75: =F49 -> 3 | G75: =G49 -> 2896.47 | H75: =H49 -> 7.2 | I75: =D75-H75 -> 16.8 | J75: =INT(I75/C17) -> 5 | K75: =J75*C75 -> 4827.45 | L75: =MIN(C24, K75) -> 4827.45 | M75: =ROUNDDOWN((L75/C75),0) -> 5 | N75: =C17*M75 -> 16.5 | O75: =H75+N75 -> 23.7
A76: 9 m setback | B76: 24 m - 37.5 m | C76: =C9 -> 654.16 | D76: 13.5 | E76: =D76/3.3 -> 4.0909091 | F76: =F50 -> 0 | G76: =G50 -> 0 | H76: =H50 -> 0 | I76: =D76-H76 -> 13.5 | J76: =INT(I76/C17) -> 4 | K76: =J76*C76 -> 2616.64 | L76: =MAX(0, MIN(K76, C24 - L75)) -> 2616.64 | M76: =ROUNDDOWN((L76/C76),0) -> 4 | N76: =C17*M76 -> 13.2 | O76: =H76+N76 -> 13.2
A77: 12 m setback | B77: Beyond 37.5 m (no height limit) | C77: =C10 -> 378.82 | D77: =$C$15 - 37.5 -> 35.7 | E77: =INT(D77/C43) -> 0 | F77: =F51 -> 0 | G77: =G51 -> 0 | H77: =H51 -> 0 | I77: =D77-H77 -> 35.7 | J77: =INT(I77/C17) -> 10 | K77: =J77*C77 -> 3788.2 | L77: =MAX(0, MIN(K77, C24 - L75 - L76)) -> 3788.2 | M77: =ROUNDDOWN((L77/C77),0) -> 10 | N77: =C17*M77 -> 33 | O77: =H77+N77 -> 33
A78: TOTAL | F78: =F75+F76+F77 -> 3 | G78: =SUM(G75:G77) -> 2896.47 | H78: =SUM(H75:H77) -> 7.2 | I78: feasible office floors | J78: =SUM(J75:J77) -> 19 | K78: =SUM(K75:K77) -> 11232.29 | L78: =L75+L76+L77 -> 11232.29 | M78: =SUM(M75:M77) -> 19 | N78: =SUM(N75:N77) -> 62.7 | O78: =SUM(O75:O77) -> 69.9
L80: PODIUM FLOORS | M80: =F78 -> 3
L81: OFFICE FLOORS | M81: =M78 -> 19
L82: TOTAL FLOORS | M82: =SUM(M80:M81) -> 22

Sheet 160.3.4
A1: EXAMINING THE FEASIBILITY OF CONSUMPTION OF BUILT UP AREA
A2: CGO OFFICE COMPLEX
A4: A. PLOT, FSI & REGULATORY INPUTS (enter values for the plot being checked)
A5: Sr.No | B5: Particulars | C5: Details | D5: Units
A6: 1 | B6: Plot Number / Identification | C6: 160 3/4
A7: 2 | B7: Plot Area | C7: 3169 | D7: Sqm
A8: 3 | B8: Ground Coverage (footprint at ground level) | C8: 1726.18
A9: 4 | B9: Ground Coverage (Between heights 24m to 37.5m) | C9: 1315.74
A10: 5 | B10: Ground Coverage (Above the height of 37.5m) | C10: 941.31 | D10: Sqm
A11: 6 | B11: Total Permissible FSI (Base + Additional) | C11: 10.1 | D11: —
A12: 7 | B12: Additional area for chowk, shaft, etc. | C12: 0.3 | D12: %
A13: 8 | B13: Front Setback | C13: 12 m
A14: 7 | B14: Side Setback | C14: 6 m
A15: 10 | B15: Max. Permissible Height of Building | C15: =CGO_PLOT_DIMENSIONS!I12 -> 153.72 | D15: m
A16: 11 | B16: Plinth Height | C16: 0.15 | D16: m
A17: 12 | B17: Typical Office Floor-to-Floor Height | C17: 3.3 | D17: m
A18: 13 | B18: Podium Parking Floor-to-Floor Height | C18: 2.4 | D18: m
A20: B. PERMISSIBLE BUA CALCULATION
A21: Sr.No | B21: Particulars | C21: Details | D21: Units
A22: 1 | B22: Total Permissible BUA (Plot Area x FSI) | C22: =C7*C11 -> 32006.9 | D22: Sqm
A23: 2 | B23: Additional area for chowk, shaft, etc. | C23: =C22*C12 -> 9602.07 | D23: Sqm
A24: 3 | B24: Total BUA | C24: =C22+C23 -> 41608.97 | D24: Sqm
A26: C. BASEMENT CALCULATION
A27: Sr.No | B27: Particulars | C27: Details | D27: Units
A28: 1 | B28: Basement Setback from Plot Boundary (DCR 1991) | C28: 1.5 | D28: m
A29: 2 | B29: Basement Floor Plate Area (achievable footprint after 1.5 m margin) | C29: =CGO_PLOT_DIMENSIONS!H12 -> 2827.54 | D29: Sqm
A30: 3 | B30: No. of Basement Floors Proposed | C30: 3 | D30: Nos.
A31: 4 | B31: Basement Floor-to-Floor Height | C31: 3.3 | D31: m
A32: 5 | B32: Total Basement BUA (Floors x Floor Plate) | C32: =C30*C29 -> 8482.62 | D32: Sqm
A34: D. PARKING REQUIREMENTS
A35: Sr.No | B35: Particulars | C35: Value | D35: Units
A36: 1 | B36: Parking upto 1500 Sqm @ 37.5 Sqm per space | C36: =IF(C32<=1500, C32/37.5, 1500/37.5) -> 40 | D36: Nos.
A37: 2 | B37: Remaining Built up Area (BUA - 1500) | C37: =C24-1500 -> 40108.97 | D37: Sqm
A38: 3 | B38: Parking for remaining BUA @ 75 Sqm per space | C38: =IF(C24>1500, (C24-1500)/75, 0) -> 534.78627 | D38: Nos.
A39: 4 | B39: Total Parking Required | C39: =C36+C38 -> 574.78627 | D39: Nos.
A40: 5 | B40: Additional 10% Visitor Parking | C40: =C39*0.1 -> 57.478627 | D40: Nos.
A41: 6 | B41: Total Parking with Visitor | C41: =C39+C40 -> 632.26489 | D41: Nos.
A42: 7 | B42: BUA required for parking @ 35 Sqm per car | C42: =C41*35 -> 22129.271 | D42: Sqm
A43: 8 | B43: Parking requrement met in Basement | C43: =C32 -> 8482.62
A44: 9 | B44: Balance Parking area required | C44: =C42-C43 -> 13646.651 | D44: Sqm
A45: 10 | B45: Nos. of podium floors required for Parking | C45: =ROUNDUP( C44 / C8, 0) -> 8 | D45: Nos.
A47: E. SIDE CALCULATION: FLOOR PLATE BREAKDOWN BY SETBACK
A48: Setback Stage | B48: Height Band Applicable | C48: Floor Plate Area (Sqm) | D48: Height Available (m) | E48: No.of permissible floors (@3.3m high floors) | F48: No. of Floors parking (@2.4m high floors) | G48: BUA Consumed (Parking) | H48: Height Consumed (Parking) | I48: Remaining Height (m) | J48: Office Floors | K48: Height Consumed (Office)(m) | L48: Gross BUA office spaces | M48: TOTAL HEIGHT
A49: 6 m setback | B49: Upto 24 m | C49: =C8 -> 1726.18 | D49: 24 | E49: =24/3.3 -> 7.2727273 | F49: =MIN(ROUNDUP(C44 /C49, 0), 10) -> 8 | G49: =C49*F49 -> 13809.44 | H49: =F49* $C$18 -> 19.2 | I49: =D49-H49 -> 4.8 | J49: =INT(I49/C17) -> 1 | K49: =J49 * $C$17 -> 3.3 | L49: =C49*J49 -> 1726.18 | M49: =( F49* C18 ) + ( J49 * C17 ) -> 22.5
A50: 9 m setback | B50: 24 m - 37.5 m | C50: =C9 -> 1315.74 | D50: 13.5 | E50: =D50/3.3 -> 4.0909091 | F50: =IF(C45>10,MIN(ROUNDUP((C44-(G49))/C50,0),0),0) -> 0 | G50: =C50*F50 -> 0 | H50: =F50* $C$18 -> 0 | I50: =D50-H50 -> 13.5 | J50: =INT(I50/C17) -> 4 | K50: =J50 * $C$17 -> 13.2 | L50: =C50*J50 -> 5262.96 | M50: =( F50* C18 ) + ( J50 * C17 ) -> 13.2
A51: 12 m setback | B51: Beyond 37.5 m (no height limit) | C51: =C10 -> 941.31 | D51: =$C$15 - 37.5 -> 116.22 | E51: =INT(D51/C17) -> 35 | F51: =IF((C44 - G49 - G50) > 0, MIN(ROUNDUP((C44 - G49 - G50) / C51, 0), 0),0) -> 0 | G51: =C51*F51 -> 0 | H51: =F51* $C$18 -> 0 | I51: =D51-H51 -> 116.22 | J51: =INT(I51/C17) -> 35 | K51: =J51 * $C$17 -> 115.5 | L51: =C51*J51 -> 32945.85 | M51: =( F51* C18 ) + ( J51 * C17 ) -> 115.5
A52: TOTAL | F52: =F49+F50+F51 -> 8 | G52: =SUM(G49:G51) -> 13809.44 | H52: =SUM(H49:H51) -> 19.2 | I52: feasible office floors | J52: =SUM(J49:J51) -> 40 | K52: =SUM(K49:K51) -> 132 | L52: =L49+L50+L51 -> 39934.99 | M52: =SUM(M49:M51) -> 151.2
A54: F. HEIGHT ANALYSIS & FEASIBILITY
A55: Sr.No | B55: Particulars | C55: Value | D55: Units
A56: 1 | B56: Max. Permissible Height | C56: =C15 -> 153.72 | D56: m
A57: 2 | B57: Plinth Height | C57: 0.15 | D57: m
A58: 3 | B58: Estimated Podium Parking Floors | C58: =C45 -> 8 | D58: Nos.
A59: 4 | B59: Podium Height @ 2.4m per floor | C59: =C58*2.4 -> 19.2 | D59: m
A60: 5 | B60: Balance Height for Office | C60: =C56-(C59+C57) -> 134.37 | D60: m
A61: 6 | B61: Actual total height consumed | C61: =(SUM(J49,J50,J51) * 3.3) + (SUM(F49,F50,F51) * 2.4) + C57 -> 151.35 | D61: m
A62: 7 | B62: Height consumed for offices | C62: =K52 -> 132
A63: 8 | B63: Height per Office Floor | C63: 3.3 | D63: m
A64: 9 | B64: Permissible Office Floors based on norms | C64: =INT(C60/C63) -> 40 | D64: Nos.
A65: 10 | B65: Total permissible Floors (Podium + Office) | C65: =C64+C58 -> 48 | D65: Nos.
A66: 11 | B66: Feasible office floors | C66: =J52 -> 40
A67: 12 | B67: Feasible total no.of floors | C67: =SUM(F52,J52) -> 48
A68: 13 | B68: Permsisible BUA Consumption of offices | C68: =C24 -> 41608.97 | D68: Sqm
A69: 14 | B69: Achieved BUA by offices | C69: =L52 -> 39934.99
A73: G. BUA CALCULATION BASED ON ATTAINING THE BUA INSTEAD OF THE THE HEIGHT
A74: Setback Stage | B74: Height Band Applicable | C74: Floor Plate Area (Sqm) | D74: Height Available (m) | E74: No.of permissible floors (@3.3m high floors) | F74: No. of Floors parking (@2.4m high floors) | G74: BUA Consumed (Parking) | H74: Height Consumed (Parking) | I74: Remaining Height (m) | J74: Floors to be achieved @ 3.3M | K74: Achievable BUA | L74: Permmissible BUA distribution | M74: No.of floors based on permissible BUA | N74: Height Consumed (Office)(m) | O74: Total height
A75: 6 m setback | B75: Upto 24 m | C75: =C8 -> 1726.18 | D75: 24 | E75: =24/3.3 -> 7.2727273 | F75: =F49 -> 8 | G75: =G49 -> 13809.44 | H75: =H49 -> 19.2 | I75: =D75-H75 -> 4.8 | J75: =INT(I75/C17) -> 1 | K75: =J75*C75 -> 1726.18 | L75: =MIN(C24, K75) -> 1726.18 | M75: =ROUNDDOWN((L75/C75),0) -> 1 | N75: =C17*M75 -> 3.3 | O75: =H75+N75 -> 22.5
A76: 9 m setback | B76: 24 m - 37.5 m | C76: =C9 -> 1315.74 | D76: 13.5 | E76: =D76/3.3 -> 4.0909091 | F76: =F50 -> 0 | G76: =G50 -> 0 | H76: =H50 -> 0 | I76: =D76-H76 -> 13.5 | J76: =INT(I76/C17) -> 4 | K76: =J76*C76 -> 5262.96 | L76: =MAX(0, MIN(K76, C24 - L75)) -> 5262.96 | M76: =ROUNDDOWN((L76/C76),0) -> 4 | N76: =C17*M76 -> 13.2 | O76: =H76+N76 -> 13.2
A77: 12 m setback | B77: Beyond 37.5 m (no height limit) | C77: =C10 -> 941.31 | D77: =$C$15 - 37.5 -> 116.22 | E77: =INT(D77/C43) -> 0 | F77: =F51 -> 0 | G77: =G51 -> 0 | H77: =H51 -> 0 | I77: =D77-H77 -> 116.22 | J77: =INT(I77/C17) -> 35 | K77: =J77*C77 -> 32945.85 | L77: =MAX(0, MIN(K77, C24 - L75 - L76)) -> 32945.85 | M77: =ROUNDDOWN((L77/C77),0) -> 35 | N77: =C17*M77 -> 115.5 | O77: =H77+N77 -> 115.5
A78: TOTAL | F78: =F75+F76+F77 -> 8 | G78: =SUM(G75:G77) -> 13809.44 | H78: =SUM(H75:H77) -> 19.2 | I78: feasible office floors | J78: =SUM(J75:J77) -> 40 | K78: =SUM(K75:K77) -> 39934.99 | L78: =L75+L76+L77 -> 39934.99 | M78: =SUM(M75:M77) -> 40 | N78: =SUM(N75:N77) -> 132 | O78: =SUM(O75:O77) -> 151.2
L80: PODIUM FLOORS | M80: =F78 -> 8
L81: OFFICE FLOORS | M81: =M78 -> 40
L82: TOTAL FLOORS | M82: =SUM(M80:M81) -> 48

Sheet 160.1.2
A1: EXAMINING THE FEASIBILITY OF CONSUMPTION OF BUILT UP AREA
A2: CGO OFFICE COMPLEX
A4: A. PLOT, FSI & REGULATORY INPUTS (enter values for the plot being checked)
A5: Sr.No | B5: Particulars | C5: Details | D5: Units
A6: 1 | B6: Plot Number / Identification | C6: 160 1/2
A7: 2 | B7: Plot Area | C7: 3168.5 | D7: Sqm
A8: 3 | B8: Ground Coverage (footprint at ground level) | C8: 1725.79
A9: 4 | B9: Ground Coverage (Between heights 24m to 37.5m) | C9: 1315.32
A10: 5 | B10: Ground Coverage (Above the height of 37.5m) | C10: 940.86 | D10: Sqm
A11: 6 | B11: Total Permissible FSI (Base + Additional) | C11: 10.1 | D11: —
A12: 7 | B12: Additional area for chowk, shaft, etc. | C12: 0.3 | D12: %
A13: 8 | B13: Front Setback | C13: 12 m
A14: 9 | B14: Side Setback | C14: 6 m
A15: 10 | B15: Max. Permissible Height of Building | C15: =CGO_PLOT_DIMENSIONS!I11 -> 153.72 | D15: m
A16: 11 | B16: Plinth Height | C16: 0.15 | D16: m
A17: 12 | B17: Typical Office Floor-to-Floor Height | C17: 3.3 | D17: m
A18: 13 | B18: Podium Parking Floor-to-Floor Height | C18: 2.4 | D18: m
A20: B. PERMISSIBLE BUA CALCULATION
A21: Sr.No | B21: Particulars | C21: Details | D21: Units
A22: 1 | B22: Total Permissible BUA (Plot Area x FSI) | C22: =C7*C11 -> 32001.85 | D22: Sqm
A23: 2 | B23: Additional area for chowk, shaft, etc. | C23: =C22*C12 -> 9600.555 | D23: Sqm
A24: 3 | B24: Total BUA | C24: =C22+C23 -> 41602.405 | D24: Sqm
A26: C. BASEMENT CALCULATION
A27: Sr.No | B27: Particulars | C27: Details | D27: Units
A28: 1 | B28: Basement Setback from Plot Boundary (DCR 1991) | C28: 1.5 | D28: m
A29: 2 | B29: Basement Floor Plate Area (achievable footprint after 1.5 m margin) | C29: =CGO_PLOT_DIMENSIONS!H11 -> 2827.04 | D29: Sqm
A30: 3 | B30: No. of Basement Floors Proposed | C30: 3 | D30: Nos.
A31: 4 | B31: Basement Floor-to-Floor Height | C31: 3.3 | D31: m
A32: 5 | B32: Total Basement BUA (Floors x Floor Plate) | C32: =C30*C29 -> 8481.12 | D32: Sqm
A34: D. PARKING REQUIREMENTS
A35: Sr.No | B35: Particulars | C35: Value | D35: Units
A36: 1 | B36: Parking upto 1500 Sqm @ 37.5 Sqm per space | C36: =IF(C32<=1500, C32/37.5, 1500/37.5) -> 40 | D36: Nos.
A37: 2 | B37: Remaining Built up Area (BUA - 1500) | C37: =C24-1500 -> 40102.405 | D37: Sqm
A38: 3 | B38: Parking for remaining BUA @ 75 Sqm per space | C38: =IF(C24>1500, (C24-1500)/75, 0) -> 534.69873 | D38: Nos.
A39: 4 | B39: Total Parking Required | C39: =C36+C38 -> 574.69873 | D39: Nos.
A40: 5 | B40: Additional 10% Visitor Parking | C40: =C39*0.1 -> 57.469873 | D40: Nos.
A41: 6 | B41: Total Parking with Visitor | C41: =C39+C40 -> 632.16861 | D41: Nos.
A42: 7 | B42: BUA required for parking @ 35 Sqm per car | C42: =C41*35 -> 22125.901 | D42: Sqm
A43: 8 | B43: Parking requrement met in Basement | C43: =C32 -> 8481.12
A44: 9 | B44: Balance Parking area required | C44: =C42-C43 -> 13644.781 | D44: Sqm
A45: 10 | B45: Nos. of podium floors required for Parking | C45: =ROUNDUP( C44 / C8, 0) -> 8 | D45: Nos.
A47: E. SIDE CALCULATION: FLOOR PLATE BREAKDOWN BY SETBACK
A48: Setback Stage | B48: Height Band Applicable | C48: Floor Plate Area (Sqm) | D48: Height Available (m) | E48: No.of permissible floors (@3.3m high floors) | F48: No. of Floors parking (@2.4m high floors) | G48: BUA Consumed (Parking) | H48: Height Consumed (Parking) | I48: Remaining Height (m) | J48: Office Floors | K48: Height Consumed (Office)(m) | L48: Gross BUA office spaces | M48: TOTAL HEIGHT
A49: 6 m setback | B49: Upto 24 m | C49: =C8 -> 1725.79 | D49: 24 | E49: =24/3.3 -> 7.2727273 | F49: =MIN(ROUNDUP(C44 /C49, 0), 10) -> 8 | G49: =C49*F49 -> 13806.32 | H49: =F49* $C$18 -> 19.2 | I49: =D49-H49 -> 4.8 | J49: =INT(I49/C17) -> 1 | K49: =J49 * $C$17 -> 3.3 | L49: =C49*J49 -> 1725.79 | M49: =( F49* C18 ) + ( J49 * C17 ) -> 22.5
A50: 9 m setback | B50: 24 m - 37.5 m | C50: =C9 -> 1315.32 | D50: 13.5 | E50: =D50/3.3 -> 4.0909091 | F50: =IF(C45>10,MIN(ROUNDUP((C44-(G49))/C50,0),0),0) -> 0 | G50: =C50*F50 -> 0 | H50: =F50* $C$18 -> 0 | I50: =D50-H50 -> 13.5 | J50: =INT(I50/C17) -> 4 | K50: =J50 * $C$17 -> 13.2 | L50: =C50*J50 -> 5261.28 | M50: =( F50* C18 ) + ( J50 * C17 ) -> 13.2
A51: 12 m setback | B51: Beyond 37.5 m (no height limit) | C51: =C10 -> 940.86 | D51: =$C$15 - 37.5 -> 116.22 | E51: =INT(D51/C17) -> 35 | F51: =IF((C44 - G49 - G50) > 0, MIN(ROUNDUP((C44 - G49 - G50) / C51, 0), 0),0) -> 0 | G51: =C51*F51 -> 0 | H51: =F51* $C$18 -> 0 | I51: =D51-H51 -> 116.22 | J51: =INT(I51/C17) -> 35 | K51: =J51 * $C$17 -> 115.5 | L51: =C51*J51 -> 32930.1 | M51: =( F51* C18 ) + ( J51 * C17 ) -> 115.5
A52: TOTAL | F52: =F49+F50+F51 -> 8 | G52: =SUM(G49:G51) -> 13806.32 | H52: =SUM(H49:H51) -> 19.2 | I52: feasible office floors | J52: =SUM(J49:J51) -> 40 | K52: =SUM(K49:K51) -> 132 | L52: =L49+L50+L51 -> 39917.17 | M52: =SUM(M49:M51) -> 151.2
A54: F. HEIGHT ANALYSIS & FEASIBILITY
A55: Sr.No | B55: Particulars | C55: Value | D55: Units
A56: 1 | B56: Max. Permissible Height | C56: =C15 -> 153.72 | D56: m
A57: 2 | B57: Plinth Height | C57: 0.15 | D57: m
A58: 3 | B58: Estimated Podium Parking Floors | C58: =C45 -> 8 | D58: Nos.
A59: 4 | B59: Podium Height @ 2.4m per floor | C59: =C58*2.4 -> 19.2 | D59: m
A60: 5 | B60: Balance Height for Office | C60: =C56-(C59+C57) -> 134.37 | D60: m
A61: 6 | B61: Actual total height consumed | C61: =(SUM(J49,J50,J51) * 3.3) + (SUM(F49,F50,F51) * 2.4) + C57 -> 151.35 | D61: m
A62: 7 | B62: Height consumed for offices | C62: =K52 -> 132
A63: 8 | B63: Height per Office Floor | C63: 3.3 | D63: m
A64: 9 | B64: Permissible Office Floors based on norms | C64: =INT(C60/C63) -> 40 | D64: Nos.
A65: 10 | B65: Total permissible Floors (Podium + Office) | C65: =C64+C58 -> 48 | D65: Nos.
A66: 11 | B66: Feasible office floors | C66: =J52 -> 40
A67: 12 | B67: Feasible total no.of floors | C67: =SUM(F52,J52) -> 48
A68: 13 | B68: Permsisible BUA Consumption of offices | C68: =C24 -> 41602.405 | D68: Sqm
A69: 14 | B69: Achieved BUA by offices | C69: =L52 -> 39917.17
A73: G. BUA CALCULATION BASED ON ATTAINING THE BUA INSTEAD OF THE THE HEIGHT
A74: Setback Stage | B74: Height Band Applicable | C74: Floor Plate Area (Sqm) | D74: Height Available (m) | E74: No.of permissible floors (@3.3m high floors) | F74: No. of Floors parking (@2.4m high floors) | G74: BUA Consumed (Parking) | H74: Height Consumed (Parking) | I74: Remaining Height (m) | J74: Floors to be achieved @ 3.3M | K74: Achievable BUA | L74: Permmissible BUA distribution | M74: No.of floors based on permissible BUA | N74: Height Consumed (Office)(m) | O74: Total height
A75: 6 m setback | B75: Upto 24 m | C75: =C8 -> 1725.79 | D75: 24 | E75: =24/3.3 -> 7.2727273 | F75: =F49 -> 8 | G75: =G49 -> 13806.32 | H75: =H49 -> 19.2 | I75: =D75-H75 -> 4.8 | J75: =INT(I75/C17) -> 1 | K75: =J75*C75 -> 1725.79 | L75: =MIN(C24, K75) -> 1725.79 | M75: =ROUNDDOWN((L75/C75),0) -> 1 | N75: =C17*M75 -> 3.3 | O75: =H75+N75 -> 22.5
A76: 9 m setback | B76: 24 m - 37.5 m | C76: =C9 -> 1315.32 | D76: 13.5 | E76: =D76/3.3 -> 4.0909091 | F76: =F50 -> 0 | G76: =G50 -> 0 | H76: =H50 -> 0 | I76: =D76-H76 -> 13.5 | J76: =INT(I76/C17) -> 4 | K76: =J76*C76 -> 5261.28 | L76: =MAX(0, MIN(K76, C24 - L75)) -> 5261.28 | M76: =ROUNDDOWN((L76/C76),0) -> 4 | N76: =C17*M76 -> 13.2 | O76: =H76+N76 -> 13.2
A77: 12 m setback | B77: Beyond 37.5 m (no height limit) | C77: =C10 -> 940.86 | D77: =$C$15 - 37.5 -> 116.22 | E77: =INT(D77/C43) -> 0 | F77: =F51 -> 0 | G77: =G51 -> 0 | H77: =H51 -> 0 | I77: =D77-H77 -> 116.22 | J77: =INT(I77/C17) -> 35 | K77: =J77*C77 -> 32930.1 | L77: =MAX(0, MIN(K77, C24 - L75 - L76)) -> 32930.1 | M77: =ROUNDDOWN((L77/C77),0) -> 35 | N77: =C17*M77 -> 115.5 | O77: =H77+N77 -> 115.5
A78: TOTAL | F78: =F75+F76+F77 -> 8 | G78: =SUM(G75:G77) -> 13806.32 | H78: =SUM(H75:H77) -> 19.2 | I78: feasible office floors | J78: =SUM(J75:J77) -> 40 | K78: =SUM(K75:K77) -> 39917.17 | L78: =L75+L76+L77 -> 39917.17 | M78: =SUM(M75:M77) -> 40 | N78: =SUM(N75:N77) -> 132 | O78: =SUM(O75:O77) -> 151.2
L80: PODIUM FLOORS | M80: =F78 -> 8
L81: OFFICE FLOORS | M81: =M78 -> 40
L82: TOTAL FLOORS | M82: =SUM(M80:M81) -> 48

Sheet 159.3.4
A1: EXAMINING THE FEASIBILITY OF CONSUMPTION OF BUILT UP AREA
A2: CGO OFFICE COMPLEX
A4: A. PLOT, FSI & REGULATORY INPUTS (enter values for the plot being checked)
A5: Sr.No | B5: Particulars | C5: Details | D5: Units
A6: 1 | B6: Plot Number / Identification | C6: 159 3/4
A7: 2 | B7: Plot Area | C7: 3172.69 | D7: Sqm
A8: 3 | B8: Ground Coverage (footprint at ground level) | C8: 1728.8
A9: 4 | B9: Ground Coverage (Between heights 24m to 37.5m) | C9: 1317.8
A10: 5 | B10: Ground Coverage (Above the height of 37.5m) | C10: 942.79 | D10: Sqm
A11: 6 | B11: Total Permissible FSI (Base + Additional) | C11: 4 | D11: —
A12: 7 | B12: Additional area for chowk, shaft, etc. | C12: 0.3 | D12: %
A13: 8 | B13: Front Setback | C13: 12 m
A14: 9 | B14: Side Setback | C14: 6 m
A15: 10 | B15: Max. Permissible Height of Building | C15: =CGO_PLOT_DIMENSIONS!I15 -> 87.84 | D15: m
A16: 11 | B16: Plinth Height | C16: 0.15 | D16: m
A17: 12 | B17: Typical Office Floor-to-Floor Height | C17: 3.3 | D17: m
A18: 13 | B18: Podium Parking Floor-to-Floor Height | C18: 2.4 | D18: m
A20: B. PERMISSIBLE BUA CALCULATION
A21: Sr.No | B21: Particulars | C21: Details | D21: Units
A22: 1 | B22: Total Permissible BUA (Plot Area x FSI) | C22: =C7*C11 -> 12690.76 | D22: Sqm
A23: 2 | B23: Additional area for chowk, shaft, etc. | C23: =C22*C12 -> 3807.228 | D23: Sqm
A24: 3 | B24: Total BUA | C24: =C22+C23 -> 16497.988 | D24: Sqm
A26: C. BASEMENT CALCULATION
A27: Sr.No | B27: Particulars | C27: Details | D27: Units
A28: 1 | B28: Basement Setback from Plot Boundary (DCR 1991) | C28: 1.5 | D28: m
A29: 2 | B29: Basement Floor Plate Area (achievable footprint after 1.5 m margin) | C29: =CGO_PLOT_DIMENSIONS!H15 -> 2830.95 | D29: Sqm
A30: 3 | B30: No. of Basement Floors Proposed | C30: 3 | D30: Nos.
A31: 4 | B31: Basement Floor-to-Floor Height | C31: 3.3 | D31: m
A32: 5 | B32: Total Basement BUA (Floors x Floor Plate) | C32: =C30*C29 -> 8492.85 | D32: Sqm
A34: D. PARKING REQUIREMENTS
A35: Sr.No | B35: Particulars | C35: Value | D35: Units
A36: 1 | B36: Parking upto 1500 Sqm @ 37.5 Sqm per space | C36: =IF(C32<=1500, C32/37.5, 1500/37.5) -> 40 | D36: Nos.
A37: 2 | B37: Remaining Built up Area (BUA - 1500) | C37: =C24-1500 -> 14997.988 | D37: Sqm
A38: 3 | B38: Parking for remaining BUA @ 75 Sqm per space | C38: =IF(C24>1500, (C24-1500)/75, 0) -> 199.97317 | D38: Nos.
A39: 4 | B39: Total Parking Required | C39: =C36+C38 -> 239.97317 | D39: Nos.
A40: 5 | B40: Additional 10% Visitor Parking | C40: =C39*0.1 -> 23.997317 | D40: Nos.
A41: 6 | B41: Total Parking with Visitor | C41: =C39+C40 -> 263.97049 | D41: Nos.
A42: 7 | B42: BUA required for parking @ 35 Sqm per car | C42: =C41*35 -> 9238.9672 | D42: Sqm
A43: 8 | B43: Parking requrement met in Basement | C43: =C32 -> 8492.85
A44: 9 | B44: Balance Parking area required | C44: =C42-C43 -> 746.11717 | D44: Sqm
A45: 10 | B45: Nos. of podium floors required for Parking | C45: =ROUNDUP( C44 / C8, 0) -> 1 | D45: Nos.
A47: E. SIDE CALCULATION: FLOOR PLATE BREAKDOWN BY SETBACK
A48: Setback Stage | B48: Height Band Applicable | C48: Floor Plate Area (Sqm) | D48: Height Available (m) | E48: No.of permissible floors (@3.3m high floors) | F48: No. of Floors parking (@2.4m high floors) | G48: BUA Consumed (Parking) | H48: Height Consumed (Parking) | I48: Remaining Height (m) | J48: Office Floors | K48: Height Consumed (Office)(m) | L48: Gross BUA office spaces | M48: TOTAL HEIGHT
A49: 6 m setback | B49: Upto 24 m | C49: =C8 -> 1728.8 | D49: 24 | E49: =24/3.3 -> 7.2727273 | F49: =MIN(ROUNDUP(C44 /C49, 0), 10) -> 1 | G49: =C49*F49 -> 1728.8 | H49: =F49* $C$18 -> 2.4 | I49: =D49-H49 -> 21.6 | J49: =INT(I49/C17) -> 6 | K49: =J49 * $C$17 -> 19.8 | L49: =C49*J49 -> 10372.8 | M49: =( F49* C18 ) + ( J49 * C17 ) -> 22.2
A50: 9 m setback | B50: 24 m - 37.5 m | C50: =C9 -> 1317.8 | D50: 13.5 | E50: =D50/3.3 -> 4.0909091 | F50: =IF(C45>10,MIN(ROUNDUP((C44-(G49))/C50,0),0),0) -> 0 | G50: =C50*F50 -> 0 | H50: =F50* $C$18 -> 0 | I50: =D50-H50 -> 13.5 | J50: =INT(I50/C17) -> 4 | K50: =J50 * $C$17 -> 13.2 | L50: =C50*J50 -> 5271.2 | M50: =( F50* C18 ) + ( J50 * C17 ) -> 13.2
A51: 12 m setback | B51: Beyond 37.5 m (no height limit) | C51: =C10 -> 942.79 | D51: =$C$15 - 37.5 -> 50.34 | E51: =INT(D51/C17) -> 15 | F51: =IF((C44 - G49 - G50) > 0, MIN(ROUNDUP((C44 - G49 - G50) / C51, 0), 0),0) -> 0 | G51: =C51*F51 -> 0 | H51: =F51* $C$18 -> 0 | I51: =D51-H51 -> 50.34 | J51: =INT(I51/C17) -> 15 | K51: =J51 * $C$17 -> 49.5 | L51: =C51*J51 -> 14141.85 | M51: =( F51* C18 ) + ( J51 * C17 ) -> 49.5
A52: TOTAL | F52: =F49+F50+F51 -> 1 | G52: =SUM(G49:G51) -> 1728.8 | H52: =SUM(H49:H51) -> 2.4 | I52: feasible office floors | J52: =SUM(J49:J51) -> 25 | K52: =SUM(K49:K51) -> 82.5 | L52: =L49+L50+L51 -> 29785.85 | M52: =SUM(M49:M51) -> 84.9
A54: F. HEIGHT ANALYSIS & FEASIBILITY
A55: Sr.No | B55: Particulars | C55: Value | D55: Units
A56: 1 | B56: Max. Permissible Height | C56: =C15 -> 87.84 | D56: m
A57: 2 | B57: Plinth Height | C57: 0.15 | D57: m
A58: 3 | B58: Estimated Podium Parking Floors | C58: =C45 -> 1 | D58: Nos.
A59: 4 | B59: Podium Height @ 2.4m per floor | C59: =C58*2.4 -> 2.4 | D59: m
A60: 5 | B60: Balance Height for Office | C60: =C56-(C59+C57) -> 85.29 | D60: m
A61: 6 | B61: Actual total height consumed | C61: =(SUM(J49,J50,J51) * 3.3) + (SUM(F49,F50,F51) * 2.4) + C57 -> 85.05 | D61: m
A62: 7 | B62: Height consumed for offices | C62: =K52 -> 82.5
A63: 8 | B63: Height per Office Floor | C63: 3.3 | D63: m
A64: 9 | B64: Permissible Office Floors based on norms | C64: =INT(C60/C63) -> 25 | D64: Nos.
A65: 10 | B65: Total permissible Floors (Podium + Office) | C65: =C64+C58 -> 26 | D65: Nos.
A66: 11 | B66: Feasible office floors | C66: =J52 -> 25
A67: 12 | B67: Feasible total no.of floors | C67: =SUM(F52,J52) -> 26
A68: 13 | B68: Permsisible BUA Consumption of offices | C68: =C24 -> 16497.988 | D68: Sqm
A69: 14 | B69: Achieved BUA by offices | C69: =L52 -> 29785.85
A73: G. BUA CALCULATION BASED ON ATTAINING THE BUA INSTEAD OF THE THE HEIGHT
A74: Setback Stage | B74: Height Band Applicable | C74: Floor Plate Area (Sqm) | D74: Height Available (m) | E74: No.of permissible floors (@3.3m high floors) | F74: No. of Floors parking (@2.4m high floors) | G74: BUA Consumed (Parking) | H74: Height Consumed (Parking) | I74: Remaining Height (m) | J74: Floors to be achieved @ 3.3M | K74: Achievable BUA | L74: Permmissible BUA distribution | M74: No.of floors based on permissible BUA | N74: Height Consumed (Office)(m) | O74: Total height
A75: 6 m setback | B75: Upto 24 m | C75: =C8 -> 1728.8 | D75: 24 | E75: =24/3.3 -> 7.2727273 | F75: =F49 -> 1 | G75: =G49 -> 1728.8 | H75: =H49 -> 2.4 | I75: =D75-H75 -> 21.6 | J75: =INT(I75/C17) -> 6 | K75: =J75*C75 -> 10372.8 | L75: =MIN(C24, K75) -> 10372.8 | M75: =ROUNDDOWN((L75/C75),0) -> 6 | N75: =C17*M75 -> 19.8 | O75: =H75+N75 -> 22.2
A76: 9 m setback | B76: 24 m - 37.5 m | C76: =C9 -> 1317.8 | D76: 13.5 | E76: =D76/3.3 -> 4.0909091 | F76: =F50 -> 0 | G76: =G50 -> 0 | H76: =H50 -> 0 | I76: =D76-H76 -> 13.5 | J76: =INT(I76/C17) -> 4 | K76: =J76*C76 -> 5271.2 | L76: =MAX(0, MIN(K76, C24 - L75)) -> 5271.2 | M76: =ROUNDDOWN((L76/C76),0) -> 4 | N76: =C17*M76 -> 13.2 | O76: =H76+N76 -> 13.2
A77: 12 m setback | B77: Beyond 37.5 m (no height limit) | C77: =C10 -> 942.79 | D77: =$C$15 - 37.5 -> 50.34 | E77: =INT(D77/C43) -> 0 | F77: =F51 -> 0 | G77: =G51 -> 0 | H77: =H51 -> 0 | I77: =D77-H77 -> 50.34 | J77: =INT(I77/C17) -> 15 | K77: =J77*C77 -> 14141.85 | L77: =MAX(0, MIN(K77, C24 - L75 - L76)) -> 853.988 | M77: =ROUNDDOWN((L77/C77),0) -> 0 | N77: =C17*M77 -> 0 | O77: =H77+N77 -> 0
A78: TOTAL | F78: =F75+F76+F77 -> 1 | G78: =SUM(G75:G77) -> 1728.8 | H78: =SUM(H75:H77) -> 2.4 | I78: feasible office floors | J78: =SUM(J75:J77) -> 25 | K78: =SUM(K75:K77) -> 29785.85 | L78: =L75+L76+L77 -> 16497.988 | M78: =SUM(M75:M77) -> 10 | N78: =SUM(N75:N77) -> 33 | O78: =SUM(O75:O77) -> 35.4
L80: PODIUM FLOORS | M80: =F78 -> 1
L81: OFFICE FLOORS | M81: =M78 -> 10
L82: TOTAL FLOORS | M82: =SUM(M80:M81) -> 11

Sheet 159.1.2
A1: EXAMINING THE FEASIBILITY OF CONSUMPTION OF BUILT UP AREA
A2: CGO OFFICE COMPLEX
A4: A. PLOT, FSI & REGULATORY INPUTS (enter values for the plot being checked)
A5: Sr.No | B5: Particulars | C5: Details | D5: Units
A6: 1 | B6: Plot Number / Identification | C6: 159 1/2
A7: 2 | B7: Plot Area | C7: 3171.66 | D7: Sqm
A8: 3 | B8: Ground Coverage (footprint at ground level) | C8: 1728.05
A9: 4 | B9: Ground Coverage (Between heights 24m to 37.5m) | C9: 1317.13
A10: 5 | B10: Ground Coverage (Above the height of 37.5m) | C10: 942.2 | D10: Sqm
A11: 6 | B11: Total Permissible FSI (Base + Additional) | C11: 4 | D11: —
A12: 7 | B12: Additional area for chowk, shaft, etc. | C12: 0.3 | D12: %
A13: 8 | B13: Front Setback | C13: 12 m
A14: 7 | B14: Side Setback | C14: 6 m
A15: 10 | B15: Max. Permissible Height of Building | C15: =CGO_PLOT_DIMENSIONS!I14 -> 87.84 | D15: m
A16: 11 | B16: Plinth Height | C16: 0.15 | D16: m
A17: 12 | B17: Typical Office Floor-to-Floor Height | C17: 3.3 | D17: m
A18: 13 | B18: Podium Parking Floor-to-Floor Height | C18: 2.4 | D18: m
A20: B. PERMISSIBLE BUA CALCULATION
A21: Sr.No | B21: Particulars | C21: Details | D21: Units
A22: 1 | B22: Total Permissible BUA (Plot Area x FSI) | C22: =C7*C11 -> 12686.64 | D22: Sqm
A23: 2 | B23: Additional area for chowk, shaft, etc. | C23: =C22*C12 -> 3805.992 | D23: Sqm
A24: 3 | B24: Total BUA | C24: =C22+C23 -> 16492.632 | D24: Sqm
A26: C. BASEMENT CALCULATION
A27: Sr.No | B27: Particulars | C27: Details | D27: Units
A28: 1 | B28: Basement Setback from Plot Boundary (DCR 1991) | C28: 1.5 | D28: m
A29: 2 | B29: Basement Floor Plate Area (achievable footprint after 1.5 m margin) | C29: =CGO_PLOT_DIMENSIONS!H14 -> 2829.98 | D29: Sqm
A30: 3 | B30: No. of Basement Floors Proposed | C30: 3 | D30: Nos.
A31: 4 | B31: Basement Floor-to-Floor Height | C31: 3.3 | D31: m
A32: 5 | B32: Total Basement BUA (Floors x Floor Plate) | C32: =C30*C29 -> 8489.94 | D32: Sqm
A34: D. PARKING REQUIREMENTS
A35: Sr.No | B35: Particulars | C35: Value | D35: Units
A36: 1 | B36: Parking upto 1500 Sqm @ 37.5 Sqm per space | C36: =IF(C32<=1500, C32/37.5, 1500/37.5) -> 40 | D36: Nos.
A37: 2 | B37: Remaining Built up Area (BUA - 1500) | C37: =C24-1500 -> 14992.632 | D37: Sqm
A38: 3 | B38: Parking for remaining BUA @ 75 Sqm per space | C38: =IF(C24>1500, (C24-1500)/75, 0) -> 199.90176 | D38: Nos.
A39: 4 | B39: Total Parking Required | C39: =C36+C38 -> 239.90176 | D39: Nos.
A40: 5 | B40: Additional 10% Visitor Parking | C40: =C39*0.1 -> 23.990176 | D40: Nos.
A41: 6 | B41: Total Parking with Visitor | C41: =C39+C40 -> 263.89194 | D41: Nos.
A42: 7 | B42: BUA required for parking @ 35 Sqm per car | C42: =C41*35 -> 9236.2178 | D42: Sqm
A43: 8 | B43: Parking requrement met in Basement | C43: =C32 -> 8489.94
A44: 9 | B44: Balance Parking area required | C44: =C42-C43 -> 746.27776 | D44: Sqm
A45: 10 | B45: Nos. of podium floors required for Parking | C45: =ROUNDUP( C44 / C8, 0) -> 1 | D45: Nos.
A47: E. SIDE CALCULATION: FLOOR PLATE BREAKDOWN BY SETBACK
A48: Setback Stage | B48: Height Band Applicable | C48: Floor Plate Area (Sqm) | D48: Height Available (m) | E48: No.of permissible floors (@3.3m high floors) | F48: No. of Floors parking (@2.4m high floors) | G48: BUA Consumed (Parking) | H48: Height Consumed (Parking) | I48: Remaining Height (m) | J48: Office Floors | K48: Height Consumed (Office)(m) | L48: Gross BUA office spaces | M48: TOTAL HEIGHT
A49: 6 m setback | B49: Upto 24 m | C49: =C8 -> 1728.05 | D49: 24 | E49: =24/3.3 -> 7.2727273 | F49: =MIN(ROUNDUP(C44 /C49, 0), 10) -> 1 | G49: =C49*F49 -> 1728.05 | H49: =F49* $C$18 -> 2.4 | I49: =D49-H49 -> 21.6 | J49: =INT(I49/C17) -> 6 | K49: =J49 * $C$17 -> 19.8 | L49: =C49*J49 -> 10368.3 | M49: =( F49* C18 ) + ( J49 * C17 ) -> 22.2
A50: 9 m setback | B50: 24 m - 37.5 m | C50: =C9 -> 1317.13 | D50: 13.5 | E50: =D50/3.3 -> 4.0909091 | F50: =IF(C45>10,MIN(ROUNDUP((C44-(G49))/C50,0),0),0) -> 0 | G50: =C50*F50 -> 0 | H50: =F50* $C$18 -> 0 | I50: =D50-H50 -> 13.5 | J50: =INT(I50/C17) -> 4 | K50: =J50 * $C$17 -> 13.2 | L50: =C50*J50 -> 5268.52 | M50: =( F50* C18 ) + ( J50 * C17 ) -> 13.2
A51: 12 m setback | B51: Beyond 37.5 m (no height limit) | C51: =C10 -> 942.2 | D51: =$C$15 - 37.5 -> 50.34 | E51: =INT(D51/C17) -> 15 | F51: =IF((C44 - G49 - G50) > 0, MIN(ROUNDUP((C44 - G49 - G50) / C51, 0), 0),0) -> 0 | G51: =C51*F51 -> 0 | H51: =F51* $C$18 -> 0 | I51: =D51-H51 -> 50.34 | J51: =INT(I51/C17) -> 15 | K51: =J51 * $C$17 -> 49.5 | L51: =C51*J51 -> 14133 | M51: =( F51* C18 ) + ( J51 * C17 ) -> 49.5
A52: TOTAL | F52: =F49+F50+F51 -> 1 | G52: =SUM(G49:G51) -> 1728.05 | H52: =SUM(H49:H51) -> 2.4 | I52: feasible office floors | J52: =SUM(J49:J51) -> 25 | K52: =SUM(K49:K51) -> 82.5 | L52: =L49+L50+L51 -> 29769.82 | M52: =SUM(M49:M51) -> 84.9
A54: F. HEIGHT ANALYSIS & FEASIBILITY
A55: Sr.No | B55: Particulars | C55: Value | D55: Units
A56: 1 | B56: Max. Permissible Height | C56: =C15 -> 87.84 | D56: m
A57: 2 | B57: Plinth Height | C57: 0.15 | D57: m
A58: 3 | B58: Estimated Podium Parking Floors | C58: =C45 -> 1 | D58: Nos.
A59: 4 | B59: Podium Height @ 2.4m per floor | C59: =C58*2.4 -> 2.4 | D59: m
A60: 5 | B60: Balance Height for Office | C60: =C56-(C59+C57) -> 85.29 | D60: m
A61: 6 | B61: Actual total height consumed | C61: =(SUM(J49,J50,J51) * 3.3) + (SUM(F49,F50,F51) * 2.4) + C57 -> 85.05 | D61: m
A62: 7 | B62: Height consumed for offices | C62: =K52 -> 82.5
A63: 8 | B63: Height per Office Floor | C63: 3.3 | D63: m
A64: 9 | B64: Permissible Office Floors based on norms | C64: =INT(C60/C63) -> 25 | D64: Nos.
A65: 10 | B65: Total permissible Floors (Podium + Office) | C65: =C64+C58 -> 26 | D65: Nos.
A66: 11 | B66: Feasible office floors | C66: =J52 -> 25
A67: 12 | B67: Feasible total no.of floors | C67: =SUM(F52,J52) -> 26
A68: 13 | B68: Permsisible BUA Consumption of offices | C68: =C24 -> 16492.632 | D68: Sqm
A69: 14 | B69: Achieved BUA by offices | C69: =L52 -> 29769.82
A73: G. BUA CALCULATION BASED ON ATTAINING THE BUA INSTEAD OF THE THE HEIGHT
A74: Setback Stage | B74: Height Band Applicable | C74: Floor Plate Area (Sqm) | D74: Height Available (m) | E74: No.of permissible floors (@3.3m high floors) | F74: No. of Floors parking (@2.4m high floors) | G74: BUA Consumed (Parking) | H74: Height Consumed (Parking) | I74: Remaining Height (m) | J74: Floors to be achieved @ 3.3M | K74: Achievable BUA | L74: Permmissible BUA distribution | M74: No.of floors based on permissible BUA | N74: Height Consumed (Office)(m) | O74: Total height
A75: 6 m setback | B75: Upto 24 m | C75: =C8 -> 1728.05 | D75: 24 | E75: =24/3.3 -> 7.2727273 | F75: =F49 -> 1 | G75: =G49 -> 1728.05 | H75: =H49 -> 2.4 | I75: =D75-H75 -> 21.6 | J75: =INT(I75/C17) -> 6 | K75: =J75*C75 -> 10368.3 | L75: =MIN(C24, K75) -> 10368.3 | M75: =ROUNDDOWN((L75/C75),0) -> 6 | N75: =C17*M75 -> 19.8 | O75: =H75+N75 -> 22.2
A76: 9 m setback | B76: 24 m - 37.5 m | C76: =C9 -> 1317.13 | D76: 13.5 | E76: =D76/3.3 -> 4.0909091 | F76: =F50 -> 0 | G76: =G50 -> 0 | H76: =H50 -> 0 | I76: =D76-H76 -> 13.5 | J76: =INT(I76/C17) -> 4 | K76: =J76*C76 -> 5268.52 | L76: =MAX(0, MIN(K76, C24 - L75)) -> 5268.52 | M76: =ROUNDDOWN((L76/C76),0) -> 4 | N76: =C17*M76 -> 13.2 | O76: =H76+N76 -> 13.2
A77: 12 m setback | B77: Beyond 37.5 m (no height limit) | C77: =C10 -> 942.2 | D77: =$C$15 - 37.5 -> 50.34 | E77: =INT(D77/C43) -> 0 | F77: =F51 -> 0 | G77: =G51 -> 0 | H77: =H51 -> 0 | I77: =D77-H77 -> 50.34 | J77: =INT(I77/C17) -> 15 | K77: =J77*C77 -> 14133 | L77: =MAX(0, MIN(K77, C24 - L75 - L76)) -> 855.812 | M77: =ROUNDDOWN((L77/C77),0) -> 0 | N77: =C17*M77 -> 0 | O77: =H77+N77 -> 0
A78: TOTAL | F78: =F75+F76+F77 -> 1 | G78: =SUM(G75:G77) -> 1728.05 | H78: =SUM(H75:H77) -> 2.4 | I78: feasible office floors | J78: =SUM(J75:J77) -> 25 | K78: =SUM(K75:K77) -> 29769.82 | L78: =L75+L76+L77 -> 16492.632 | M78: =SUM(M75:M77) -> 10 | N78: =SUM(N75:N77) -> 33 | O78: =SUM(O75:O77) -> 35.4
L80: PODIUM FLOORS | M80: =F78 -> 1
L81: OFFICE FLOORS | M81: =M78 -> 10
L82: TOTAL FLOORS | M82: =SUM(M80:M81) -> 11

Sheet 158.5.6
A1: EXAMINING THE FEASIBILITY OF CONSUMPTION OF BUILT UP AREA
A2: CGO OFFICE COMPLEX
A4: A. PLOT, FSI & REGULATORY INPUTS (enter values for the plot being checked)
A5: Sr.No | B5: Particulars | C5: Details | D5: Units
A6: 1 | B6: Plot Number / Identification | C6: =CGO_PLOT_DIMENSIONS!B19 -> 158 5/6
A7: 2 | B7: Plot Area | C7: =CGO_PLOT_DIMENSIONS!C19 -> 5093.99 | D7: Sqm
A8: 3 | B8: Ground Coverage (footprint at ground level) | C8: =CGO_PLOT_DIMENSIONS!D19 -> 3140.69
A9: 4 | B9: Ground Coverage (Between heights 24m to 37.5m) | C9: =CGO_PLOT_DIMENSIONS!E19 -> 2628.68
A10: 5 | B10: Ground Coverage (Above the height of 37.5m) | C10: =CGO_PLOT_DIMENSIONS!F19 -> 2150.87 | D10: Sqm
A11: 6 | B11: Total Permissible FSI (Base + Additional) | C11: 4.8 | D11: —
A12: 7 | B12: Additional area for chowk, shaft, etc. | C12: 0.3 | D12: %
A13: 8 | B13: Front Setback | C13: 12 m
A14: 7 | B14: Side Setback | C14: 6 m
A15: 10 | B15: Max. Permissible Height of Building | C15: 74 | D15: m
A16: 11 | B16: Plinth Height | C16: 0.15 | D16: m
A17: 12 | B17: Typical Office Floor-to-Floor Height | C17: 3.3 | D17: m
A18: 13 | B18: Podium Parking Floor-to-Floor Height | C18: 2.4 | D18: m
A20: B. PERMISSIBLE BUA CALCULATION
A21: Sr.No | B21: Particulars | C21: Details | D21: Units
A22: 1 | B22: Total Permissible BUA (Plot Area x FSI) | C22: =C7*C11 -> 24451.152 | D22: Sqm
A23: 2 | B23: Additional area for chowk, shaft, etc. | C23: =C22*C12 -> 7335.3456 | D23: Sqm
A24: 3 | B24: Total BUA | C24: =C22+C23 -> 31786.498 | D24: Sqm
A26: C. BASEMENT CALCULATION
A27: Sr.No | B27: Particulars | C27: Details | D27: Units
A28: 1 | B28: Basement Setback from Plot Boundary (DCR 1991) | C28: 1.5 | D28: m
A29: 2 | B29: Basement Floor Plate Area (achievable footprint after 1.5 m margin) | C29: =CGO_PLOT_DIMENSIONS!H19 -> 4661.95 | D29: Sqm
A30: 3 | B30: No. of Basement Floors Proposed | C30: 3 | D30: Nos.
A31: 4 | B31: Basement Floor-to-Floor Height | C31: 3.3 | D31: m
A32: 5 | B32: Total Basement BUA (Floors x Floor Plate) | C32: =C30*C29 -> 13985.85 | D32: Sqm
A34: D. PARKING REQUIREMENTS
A35: Sr.No | B35: Particulars | C35: Value | D35: Units
A36: 1 | B36: Parking upto 1500 Sqm @ 37.5 Sqm per space | C36: =IF(C32<=1500, C32/37.5, 1500/37.5) -> 40 | D36: Nos.
A37: 2 | B37: Remaining Built up Area (BUA - 1500) | C37: =C24-1500 -> 30286.498 | D37: Sqm
A38: 3 | B38: Parking for remaining BUA @ 75 Sqm per space | C38: =IF(C24>1500, (C24-1500)/75, 0) -> 403.81997 | D38: Nos.
A39: 4 | B39: Total Parking Required | C39: =C36+C38 -> 443.81997 | D39: Nos.
A40: 5 | B40: Additional 10% Visitor Parking | C40: =C39*0.1 -> 44.381997 | D40: Nos.
A41: 6 | B41: Total Parking with Visitor | C41: =C39+C40 -> 488.20196 | D41: Nos.
A42: 7 | B42: BUA required for parking @ 35 Sqm per car | C42: =C41*35 -> 17087.069 | D42: Sqm
A43: 8 | B43: Parking requrement met in Basement | C43: =C32 -> 13985.85
A44: 9 | B44: Balance Parking area required | C44: =C42-C43 -> 3101.2188 | D44: Sqm
A45: 10 | B45: Nos. of podium floors required for Parking | C45: =ROUNDUP( C44 / C8, 0) -> 1 | D45: Nos.
A47: E. SIDE CALCULATION: FLOOR PLATE BREAKDOWN BY SETBACK
A48: Setback Stage | B48: Height Band Applicable | C48: Floor Plate Area (Sqm) | D48: Height Available (m) | E48: No.of permissible floors (@3.3m high floors) | F48: No. of Floors parking (@2.4m high floors) | G48: BUA Consumed (Parking) | H48: Height Consumed (Parking) | I48: Remaining Height (m) | J48: Office Floors | K48: Height Consumed (Office)(m) | L48: Gross BUA office spaces | M48: TOTAL HEIGHT
A49: 6 m setback | B49: Upto 24 m | C49: =C8 -> 3140.69 | D49: 24 | E49: =24/3.3 -> 7.2727273 | F49: =MIN(ROUNDUP(C44 /C49, 0), 10) -> 1 | G49: =C49*F49 -> 3140.69 | H49: =F49* $C$18 -> 2.4 | I49: =D49-H49 -> 21.6 | J49: =INT(I49/C17) -> 6 | K49: =J49 * $C$17 -> 19.8 | L49: =C49*J49 -> 18844.14 | M49: =( F49* C18 ) + ( J49 * C17 ) -> 22.2
A50: 9 m setback | B50: 24 m - 37.5 m | C50: =C9 -> 2628.68 | D50: 13.5 | E50: =D50/3.3 -> 4.0909091 | F50: =IF(C45>10,MIN(ROUNDUP((C44-(G49))/C50,0),0),0) -> 0 | G50: =C50*F50 -> 0 | H50: =F50* $C$18 -> 0 | I50: =D50-H50 -> 13.5 | J50: =INT(I50/C17) -> 4 | K50: =J50 * $C$17 -> 13.2 | L50: =C50*J50 -> 10514.72 | M50: =( F50* C18 ) + ( J50 * C17 ) -> 13.2
A51: 12 m setback | B51: Beyond 37.5 m (no height limit) | C51: =C10 -> 2150.87 | D51: =$C$15 - 37.5 -> 36.5 | E51: =INT(D51/C17) -> 11 | F51: =IF((C44 - G49 - G50) > 0, MIN(ROUNDUP((C44 - G49 - G50) / C51, 0), 0),0) -> 0 | G51: =C51*F51 -> 0 | H51: =F51* $C$18 -> 0 | I51: =D51-H51 -> 36.5 | J51: =INT(I51/C17) -> 11 | K51: =J51 * $C$17 -> 36.3 | L51: =C51*J51 -> 23659.57 | M51: =( F51* C18 ) + ( J51 * C17 ) -> 36.3
A52: TOTAL | F52: =F49+F50+F51 -> 1 | G52: =SUM(G49:G51) -> 3140.69 | H52: =SUM(H49:H51) -> 2.4 | I52: feasible office floors | J52: =SUM(J49:J51) -> 21 | K52: =SUM(K49:K51) -> 69.3 | L52: =L49+L50+L51 -> 53018.43 | M52: =SUM(M49:M51) -> 71.7
A54: F. HEIGHT ANALYSIS & FEASIBILITY
A55: Sr.No | B55: Particulars | C55: Value | D55: Units
A56: 1 | B56: Max. Permissible Height | C56: =C15 -> 74 | D56: m
A57: 2 | B57: Plinth Height | C57: 0.15 | D57: m
A58: 3 | B58: Estimated Podium Parking Floors | C58: =C45 -> 1 | D58: Nos.
A59: 4 | B59: Podium Height @ 2.4m per floor | C59: =C58*2.4 -> 2.4 | D59: m
A60: 5 | B60: Balance Height for Office | C60: =C56-(C59+C57) -> 71.45 | D60: m
A61: 6 | B61: Actual total height consumed | C61: =(SUM(J49,J50,J51) * 3.3) + (SUM(F49,F50,F51) * 2.4) + C57 -> 71.85 | D61: m
A62: 7 | B62: Height consumed for offices | C62: =K52 -> 69.3
A63: 8 | B63: Height per Office Floor | C63: 3.3 | D63: m
A64: 9 | B64: Permissible Office Floors based on norms | C64: =INT(C60/C63) -> 21 | D64: Nos.
A65: 10 | B65: Total permissible Floors (Podium + Office) | C65: =C64+C58 -> 22 | D65: Nos.
A66: 11 | B66: Feasible office floors | C66: =J52 -> 21
A67: 12 | B67: Feasible total no.of floors | C67: =SUM(F52,J52) -> 22
A68: 13 | B68: Permsisible BUA Consumption of offices | C68: =C24 -> 31786.498 | D68: Sqm
A69: 14 | B69: Achieved BUA by offices | C69: =L52 -> 53018.43
A73: G. BUA CALCULATION BASED ON ATTAINING THE BUA INSTEAD OF THE THE HEIGHT
A74: Setback Stage | B74: Height Band Applicable | C74: Floor Plate Area (Sqm) | D74: Height Available (m) | E74: No.of permissible floors (@3.3m high floors) | F74: No. of Floors parking (@2.4m high floors) | G74: BUA Consumed (Parking) | H74: Height Consumed (Parking) | I74: Remaining Height (m) | J74: Floors to be achieved @ 3.3M | K74: Achievable BUA | L74: Permmissible BUA distribution | M74: No.of floors based on permissible BUA | N74: Height Consumed (Office)(m) | O74: Total height
A75: 6 m setback | B75: Upto 24 m | C75: =C8 -> 3140.69 | D75: 24 | E75: =24/3.3 -> 7.2727273 | F75: =F49 -> 1 | G75: =G49 -> 3140.69 | H75: =H49 -> 2.4 | I75: =D75-H75 -> 21.6 | J75: =INT(I75/C17) -> 6 | K75: =J75*C75 -> 18844.14 | L75: =MIN(C24, K75) -> 18844.14 | M75: =ROUNDDOWN((L75/C75),0) -> 6 | N75: =C17*M75 -> 19.8 | O75: =H75+N75 -> 22.2
A76: 9 m setback | B76: 24 m - 37.5 m | C76: =C9 -> 2628.68 | D76: 13.5 | E76: =D76/3.3 -> 4.0909091 | F76: =F50 -> 0 | G76: =G50 -> 0 | H76: =H50 -> 0 | I76: =D76-H76 -> 13.5 | J76: =INT(I76/C17) -> 4 | K76: =J76*C76 -> 10514.72 | L76: =MAX(0, MIN(K76, C24 - L75)) -> 10514.72 | M76: =ROUNDDOWN((L76/C76),0) -> 4 | N76: =C17*M76 -> 13.2 | O76: =H76+N76 -> 13.2
A77: 12 m setback | B77: Beyond 37.5 m (no height limit) | C77: =C10 -> 2150.87 | D77: =$C$15 - 37.5 -> 36.5 | E77: =INT(D77/C43) -> 0 | F77: =F51 -> 0 | G77: =G51 -> 0 | H77: =H51 -> 0 | I77: =D77-H77 -> 36.5 | J77: =INT(I77/C17) -> 11 | K77: =J77*C77 -> 23659.57 | L77: =MAX(0, MIN(K77, C24 - L75 - L76)) -> 2427.6376 | M77: =ROUNDDOWN((L77/C77),0) -> 1 | N77: =C17*M77 -> 3.3 | O77: =H77+N77 -> 3.3
A78: TOTAL | F78: =F75+F76+F77 -> 1 | G78: =SUM(G75:G77) -> 3140.69 | H78: =SUM(H75:H77) -> 2.4 | I78: feasible office floors | J78: =SUM(J75:J77) -> 21 | K78: =SUM(K75:K77) -> 53018.43 | L78: =L75+L76+L77 -> 31786.498 | M78: =SUM(M75:M77) -> 11 | N78: =SUM(N75:N77) -> 36.3 | O78: =SUM(O75:O77) -> 38.7
L80: PODIUM FLOORS | M80: =F78 -> 1
L81: OFFICE FLOORS | M81: =M78 -> 11
L82: TOTAL FLOORS | M82: =SUM(M80:M81) -> 12

Sheet 158.2.4
A1: EXAMINING THE FEASIBILITY OF CONSUMPTION OF BUILT UP AREA
A2: CGO OFFICE COMPLEX
A4: A. PLOT, FSI & REGULATORY INPUTS (enter values for the plot being checked)
A5: Sr.No | B5: Particulars | C5: Details | D5: Units
A6: 1 | B6: Plot Number / Identification | C6: 158 2/4
A7: 2 | B7: Plot Area | C7: =CGO_PLOT_DIMENSIONS!C18 -> 3507.4 | D7: Sqm
A8: 3 | B8: Ground Coverage (footprint at ground level) | C8: 1972.23
A9: 4 | B9: Ground Coverage (Between heights 24m to 37.5m) | C9: 1518.94
A10: 5 | B10: Ground Coverage (Above the height of 37.5m) | C10: 1101.65 | D10: Sqm
A11: 6 | B11: Total Permissible FSI (Base + Additional) | C11: 4.8 | D11: —
A12: 7 | B12: Additional area for chowk, shaft, etc. | C12: 0.3 | D12: %
A13: 8 | B13: Front Setback | C13: 12 m
A14: 7 | B14: Side Setback | C14: 6 m
A15: 10 | B15: Max. Permissible Height of Building | C15: =CGO_PLOT_DIMENSIONS!I18 -> 73.2 | D15: m
A16: 11 | B16: Plinth Height | C16: 0.15 | D16: m
A17: 12 | B17: Typical Office Floor-to-Floor Height | C17: 3.3 | D17: m
A18: 13 | B18: Podium Parking Floor-to-Floor Height | C18: 2.4 | D18: m
A20: B. PERMISSIBLE BUA CALCULATION
A21: Sr.No | B21: Particulars | C21: Details | D21: Units
A22: 1 | B22: Total Permissible BUA (Plot Area x FSI) | C22: =C7*C11 -> 16835.52 | D22: Sqm
A23: 2 | B23: Additional area for chowk, shaft, etc. | C23: =C22*C12 -> 5050.656 | D23: Sqm
A24: 3 | B24: Total BUA | C24: =C22+C23 -> 21886.176 | D24: Sqm
A26: C. BASEMENT CALCULATION
A27: Sr.No | B27: Particulars | C27: Details | D27: Units
A28: 1 | B28: Basement Setback from Plot Boundary (DCR 1991) | C28: 1.5 | D28: m
A29: 2 | B29: Basement Floor Plate Area (achievable footprint after 1.5 m margin) | C29: =CGO_PLOT_DIMENSIONS!H18 -> 3143.59 | D29: Sqm
A30: 3 | B30: No. of Basement Floors Proposed | C30: 3 | D30: Nos.
A31: 4 | B31: Basement Floor-to-Floor Height | C31: 3.3 | D31: m
A32: 5 | B32: Total Basement BUA (Floors x Floor Plate) | C32: =C30*C29 -> 9430.77 | D32: Sqm
A34: D. PARKING REQUIREMENTS
A35: Sr.No | B35: Particulars | C35: Value | D35: Units
A36: 1 | B36: Parking upto 1500 Sqm @ 37.5 Sqm per space | C36: =IF(C32<=1500, C32/37.5, 1500/37.5) -> 40 | D36: Nos.
A37: 2 | B37: Remaining Built up Area (BUA - 1500) | C37: =C24-1500 -> 20386.176 | D37: Sqm
A38: 3 | B38: Parking for remaining BUA @ 75 Sqm per space | C38: =IF(C24>1500, (C24-1500)/75, 0) -> 271.81568 | D38: Nos.
A39: 4 | B39: Total Parking Required | C39: =C36+C38 -> 311.81568 | D39: Nos.
A40: 5 | B40: Additional 10% Visitor Parking | C40: =C39*0.1 -> 31.181568 | D40: Nos.
A41: 6 | B41: Total Parking with Visitor | C41: =C39+C40 -> 342.99725 | D41: Nos.
A42: 7 | B42: BUA required for parking @ 35 Sqm per car | C42: =C41*35 -> 12004.904 | D42: Sqm
A43: 8 | B43: Parking requrement met in Basement | C43: =C32 -> 9430.77
A44: 9 | B44: Balance Parking area required | C44: =C42-C43 -> 2574.1337 | D44: Sqm
A45: 10 | B45: Nos. of podium floors required for Parking | C45: =ROUNDUP( C44 / C8, 0) -> 2 | D45: Nos.
A47: E. SIDE CALCULATION: FLOOR PLATE BREAKDOWN BY SETBACK
A48: Setback Stage | B48: Height Band Applicable | C48: Floor Plate Area (Sqm) | D48: Height Available (m) | E48: No.of permissible floors (@3.3m high floors) | F48: No. of Floors parking (@2.4m high floors) | G48: BUA Consumed (Parking) | H48: Height Consumed (Parking) | I48: Remaining Height (m) | J48: Office Floors | K48: Height Consumed (Office)(m) | L48: Gross BUA office spaces | M48: TOTAL HEIGHT
A49: 6 m setback | B49: Upto 24 m | C49: =C8 -> 1972.23 | D49: 24 | E49: =24/3.3 -> 7.2727273 | F49: =MIN(ROUNDUP(C44 /C49, 0), 10) -> 2 | G49: =C49*F49 -> 3944.46 | H49: =F49* $C$18 -> 4.8 | I49: =D49-H49 -> 19.2 | J49: =INT(I49/C17) -> 5 | K49: =J49 * $C$17 -> 16.5 | L49: =C49*J49 -> 9861.15 | M49: =( F49* C18 ) + ( J49 * C17 ) -> 21.3
A50: 9 m setback | B50: 24 m - 37.5 m | C50: =C9 -> 1518.94 | D50: 13.5 | E50: =D50/3.3 -> 4.0909091 | F50: =IF(C45>10,MIN(ROUNDUP((C44-(G49))/C50,0),0),0) -> 0 | G50: =C50*F50 -> 0 | H50: =F50* $C$18 -> 0 | I50: =D50-H50 -> 13.5 | J50: =INT(I50/C17) -> 4 | K50: =J50 * $C$17 -> 13.2 | L50: =C50*J50 -> 6075.76 | M50: =( F50* C18 ) + ( J50 * C17 ) -> 13.2
A51: 12 m setback | B51: Beyond 37.5 m (no height limit) | C51: =C10 -> 1101.65 | D51: =$C$15 - 37.5 -> 35.7 | E51: =INT(D51/C17) -> 10 | F51: =IF((C44 - G49 - G50) > 0, MIN(ROUNDUP((C44 - G49 - G50) / C51, 0), 0),0) -> 0 | G51: =C51*F51 -> 0 | H51: =F51* $C$18 -> 0 | I51: =D51-H51 -> 35.7 | J51: =INT(I51/C17) -> 10 | K51: =J51 * $C$17 -> 33 | L51: =C51*J51 -> 11016.5 | M51: =( F51* C18 ) + ( J51 * C17 ) -> 33
A52: TOTAL | F52: =F49+F50+F51 -> 2 | G52: =SUM(G49:G51) -> 3944.46 | H52: =SUM(H49:H51) -> 4.8 | I52: feasible office floors | J52: =SUM(J49:J51) -> 19 | K52: =SUM(K49:K51) -> 62.7 | L52: =L49+L50+L51 -> 26953.41 | M52: =SUM(M49:M51) -> 67.5
A54: F. HEIGHT ANALYSIS & FEASIBILITY
A55: Sr.No | B55: Particulars | C55: Value | D55: Units
A56: 1 | B56: Max. Permissible Height | C56: =C15 -> 73.2 | D56: m
A57: 2 | B57: Plinth Height | C57: 0.15 | D57: m
A58: 3 | B58: Estimated Podium Parking Floors | C58: =C45 -> 2 | D58: Nos.
A59: 4 | B59: Podium Height @ 2.4m per floor | C59: =C58*2.4 -> 4.8 | D59: m
A60: 5 | B60: Balance Height for Office | C60: =C56-(C59+C57) -> 68.25 | D60: m
A61: 6 | B61: Actual total height consumed | C61: =(SUM(J49,J50,J51) * 3.3) + (SUM(F49,F50,F51) * 2.4) + C57 -> 67.65 | D61: m
A62: 7 | B62: Height consumed for offices | C62: =K52 -> 62.7
A63: 8 | B63: Height per Office Floor | C63: 3.3 | D63: m
A64: 9 | B64: Permissible Office Floors based on norms | C64: =INT(C60/C63) -> 20 | D64: Nos.
A65: 10 | B65: Total permissible Floors (Podium + Office) | C65: =C64+C58 -> 22 | D65: Nos.
A66: 11 | B66: Feasible office floors | C66: =J52 -> 19
A67: 12 | B67: Feasible total no.of floors | C67: =SUM(F52,J52) -> 21
A68: 13 | B68: Permsisible BUA Consumption of offices | C68: =C24 -> 21886.176 | D68: Sqm
A69: 14 | B69: Achieved BUA by offices | C69: =L52 -> 26953.41
A73: G. BUA CALCULATION BASED ON ATTAINING THE BUA INSTEAD OF THE THE HEIGHT
A74: Setback Stage | B74: Height Band Applicable | C74: Floor Plate Area (Sqm) | D74: Height Available (m) | E74: No.of permissible floors (@3.3m high floors) | F74: No. of Floors parking (@2.4m high floors) | G74: BUA Consumed (Parking) | H74: Height Consumed (Parking) | I74: Remaining Height (m) | J74: Floors to be achieved @ 3.3M | K74: Achievable BUA | L74: Permmissible BUA distribution | M74: No.of floors based on permissible BUA | N74: Height Consumed (Office)(m) | O74: Total height
A75: 6 m setback | B75: Upto 24 m | C75: =C8 -> 1972.23 | D75: 24 | E75: =24/3.3 -> 7.2727273 | F75: =F49 -> 2 | G75: =G49 -> 3944.46 | H75: =H49 -> 4.8 | I75: =D75-H75 -> 19.2 | J75: =INT(I75/C17) -> 5 | K75: =J75*C75 -> 9861.15 | L75: =MIN(C24, K75) -> 9861.15 | M75: =ROUNDDOWN((L75/C75),0) -> 5 | N75: =C17*M75 -> 16.5 | O75: =H75+N75 -> 21.3
A76: 9 m setback | B76: 24 m - 37.5 m | C76: =C9 -> 1518.94 | D76: 13.5 | E76: =D76/3.3 -> 4.0909091 | F76: =F50 -> 0 | G76: =G50 -> 0 | H76: =H50 -> 0 | I76: =D76-H76 -> 13.5 | J76: =INT(I76/C17) -> 4 | K76: =J76*C76 -> 6075.76 | L76: =MAX(0, MIN(K76, C24 - L75)) -> 6075.76 | M76: =ROUNDDOWN((L76/C76),0) -> 4 | N76: =C17*M76 -> 13.2 | O76: =H76+N76 -> 13.2
A77: 12 m setback | B77: Beyond 37.5 m (no height limit) | C77: =C10 -> 1101.65 | D77: =$C$15 - 37.5 -> 35.7 | E77: =INT(D77/C43) -> 0 | F77: =F51 -> 0 | G77: =G51 -> 0 | H77: =H51 -> 0 | I77: =D77-H77 -> 35.7 | J77: =INT(I77/C17) -> 10 | K77: =J77*C77 -> 11016.5 | L77: =MAX(0, MIN(K77, C24 - L75 - L76)) -> 5949.266 | M77: =ROUNDDOWN((L77/C77),0) -> 5 | N77: =C17*M77 -> 16.5 | O77: =H77+N77 -> 16.5
A78: TOTAL | F78: =F75+F76+F77 -> 2 | G78: =SUM(G75:G77) -> 3944.46 | H78: =SUM(H75:H77) -> 4.8 | I78: feasible office floors | J78: =SUM(J75:J77) -> 19 | K78: =SUM(K75:K77) -> 26953.41 | L78: =L75+L76+L77 -> 21886.176 | M78: =SUM(M75:M77) -> 14 | N78: =SUM(N75:N77) -> 46.2 | O78: =SUM(O75:O77) -> 51
L80: PODIUM FLOORS | M80: =F78 -> 2
L81: OFFICE FLOORS | M81: =M78 -> 14
L82: TOTAL FLOORS | M82: =SUM(M80:M81) -> 16

Sheet 158.1.3
A1: EXAMINING THE FEASIBILITY OF CONSUMPTION OF BUILT UP AREA
A2: CGO OFFICE COMPLEX
A4: A. PLOT, FSI & REGULATORY INPUTS (enter values for the plot being checked)
A5: Sr.No | B5: Particulars | C5: Details | D5: Units
A6: 1 | B6: Plot Number / Identification | C6: 158 1/3
A7: 2 | B7: Plot Area | C7: 3508.84 | D7: Sqm
A8: 3 | B8: Ground Coverage (footprint at ground level) | C8: 1973.43
A9: 4 | B9: Ground Coverage (Between heights 24m to 37.5m) | C9: 1520.09
A10: 5 | B10: Ground Coverage (Above the height of 37.5m) | C10: 1102.76 | D10: Sqm
A11: 6 | B11: Total Permissible FSI (Base + Additional) | C11: 4.8 | D11: —
A12: 7 | B12: Additional area for chowk, shaft, etc. | C12: 0.3 | D12: %
A13: 8 | B13: Front Setback | C13: 12 m
A14: 7 | B14: Side Setback | C14: 6 m
A15: 10 | B15: Max. Permissible Height of Building | C15: =CGO_PLOT_DIMENSIONS!I17 -> 73.2 | D15: m
A16: 11 | B16: Plinth Height | C16: 0.15 | D16: m
A17: 12 | B17: Typical Office Floor-to-Floor Height | C17: 3.3 | D17: m
A18: 13 | B18: Podium Parking Floor-to-Floor Height | C18: 2.4 | D18: m
A20: B. PERMISSIBLE BUA CALCULATION
A21: Sr.No | B21: Particulars | C21: Details | D21: Units
A22: 1 | B22: Total Permissible BUA (Plot Area x FSI) | C22: =C7*C11 -> 16842.432 | D22: Sqm
A23: 2 | B23: Additional area for chowk, shaft, etc. | C23: =C22*C12 -> 5052.7296 | D23: Sqm
A24: 3 | B24: Total BUA | C24: =C22+C23 -> 21895.162 | D24: Sqm
A26: C. BASEMENT CALCULATION
A27: Sr.No | B27: Particulars | C27: Details | D27: Units
A28: 1 | B28: Basement Setback from Plot Boundary (DCR 1991) | C28: 1.5 | D28: m
A29: 2 | B29: Basement Floor Plate Area (achievable footprint after 1.5 m margin) | C29: =CGO_PLOT_DIMENSIONS!H17 -> 3145.08 | D29: Sqm
A30: 3 | B30: No. of Basement Floors Proposed | C30: 3 | D30: Nos.
A31: 4 | B31: Basement Floor-to-Floor Height | C31: 3.3 | D31: m
A32: 5 | B32: Total Basement BUA (Floors x Floor Plate) | C32: =C30*C29 -> 9435.24 | D32: Sqm
A34: D. PARKING REQUIREMENTS
A35: Sr.No | B35: Particulars | C35: Value | D35: Units
A36: 1 | B36: Parking upto 1500 Sqm @ 37.5 Sqm per space | C36: =IF(C32<=1500, C32/37.5, 1500/37.5) -> 40 | D36: Nos.
A37: 2 | B37: Remaining Built up Area (BUA - 1500) | C37: =C24-1500 -> 20395.162 | D37: Sqm
A38: 3 | B38: Parking for remaining BUA @ 75 Sqm per space | C38: =IF(C24>1500, (C24-1500)/75, 0) -> 271.93549 | D38: Nos.
A39: 4 | B39: Total Parking Required | C39: =C36+C38 -> 311.93549 | D39: Nos.
A40: 5 | B40: Additional 10% Visitor Parking | C40: =C39*0.1 -> 31.193549 | D40: Nos.
A41: 6 | B41: Total Parking with Visitor | C41: =C39+C40 -> 343.12904 | D41: Nos.
A42: 7 | B42: BUA required for parking @ 35 Sqm per car | C42: =C41*35 -> 12009.516 | D42: Sqm
A43: 8 | B43: Parking requrement met in Basement | C43: =C32 -> 9435.24
A44: 9 | B44: Balance Parking area required | C44: =C42-C43 -> 2574.2763 | D44: Sqm
A45: 10 | B45: Nos. of podium floors required for Parking | C45: =ROUNDUP( C44 / C8, 0) -> 2 | D45: Nos.
A47: E. SIDE CALCULATION: FLOOR PLATE BREAKDOWN BY SETBACK
A48: Setback Stage | B48: Height Band Applicable | C48: Floor Plate Area (Sqm) | D48: Height Available (m) | E48: No.of permissible floors (@3.3m high floors) | F48: No. of Floors parking (@2.4m high floors) | G48: BUA Consumed (Parking) | H48: Height Consumed (Parking) | I48: Remaining Height (m) | J48: Office Floors | K48: Height Consumed (Office)(m) | L48: Gross BUA office spaces | M48: TOTAL HEIGHT
A49: 6 m setback | B49: Upto 24 m | C49: =C8 -> 1973.43 | D49: 24 | E49: =24/3.3 -> 7.2727273 | F49: =MIN(ROUNDUP(C44 /C49, 0), 10) -> 2 | G49: =C49*F49 -> 3946.86 | H49: =F49* $C$18 -> 4.8 | I49: =D49-H49 -> 19.2 | J49: =INT(I49/C17) -> 5 | K49: =J49 * $C$17 -> 16.5 | L49: =C49*J49 -> 9867.15 | M49: =( F49* C18 ) + ( J49 * C17 ) -> 21.3
A50: 9 m setback | B50: 24 m - 37.5 m | C50: =C9 -> 1520.09 | D50: 13.5 | E50: =D50/3.3 -> 4.0909091 | F50: =IF(C45>10,MIN(ROUNDUP((C44-(G49))/C50,0),0),0) -> 0 | G50: =C50*F50 -> 0 | H50: =F50* $C$18 -> 0 | I50: =D50-H50 -> 13.5 | J50: =INT(I50/C17) -> 4 | K50: =J50 * $C$17 -> 13.2 | L50: =C50*J50 -> 6080.36 | M50: =( F50* C18 ) + ( J50 * C17 ) -> 13.2
A51: 12 m setback | B51: Beyond 37.5 m (no height limit) | C51: =C10 -> 1102.76 | D51: =$C$15 - 37.5 -> 35.7 | E51: =INT(D51/C17) -> 10 | F51: =IF((C44 - G49 - G50) > 0, MIN(ROUNDUP((C44 - G49 - G50) / C51, 0), 0),0) -> 0 | G51: =C51*F51 -> 0 | H51: =F51* $C$18 -> 0 | I51: =D51-H51 -> 35.7 | J51: =INT(I51/C17) -> 10 | K51: =J51 * $C$17 -> 33 | L51: =C51*J51 -> 11027.6 | M51: =( F51* C18 ) + ( J51 * C17 ) -> 33
A52: TOTAL | F52: =F49+F50+F51 -> 2 | G52: =SUM(G49:G51) -> 3946.86 | H52: =SUM(H49:H51) -> 4.8 | I52: feasible office floors | J52: =SUM(J49:J51) -> 19 | K52: =SUM(K49:K51) -> 62.7 | L52: =L49+L50+L51 -> 26975.11 | M52: =SUM(M49:M51) -> 67.5
A54: F. HEIGHT ANALYSIS & FEASIBILITY
A55: Sr.No | B55: Particulars | C55: Value | D55: Units
A56: 1 | B56: Max. Permissible Height | C56: =C15 -> 73.2 | D56: m
A57: 2 | B57: Plinth Height | C57: 0.15 | D57: m
A58: 3 | B58: Estimated Podium Parking Floors | C58: =C45 -> 2 | D58: Nos.
A59: 4 | B59: Podium Height @ 2.4m per floor | C59: =C58*2.4 -> 4.8 | D59: m
A60: 5 | B60: Balance Height for Office | C60: =C56-(C59+C57) -> 68.25 | D60: m
A61: 6 | B61: Actual total height consumed | C61: =(SUM(J49,J50,J51) * 3.3) + (SUM(F49,F50,F51) * 2.4) + C57 -> 67.65 | D61: m
A62: 7 | B62: Height consumed for offices | C62: =K52 -> 62.7
A63: 8 | B63: Height per Office Floor | C63: 3.3 | D63: m
A64: 9 | B64: Permissible Office Floors based on norms | C64: =INT(C60/C63) -> 20 | D64: Nos.
A65: 10 | B65: Total permissible Floors (Podium + Office) | C65: =C64+C58 -> 22 | D65: Nos.
A66: 11 | B66: Feasible office floors | C66: =J52 -> 19
A67: 12 | B67: Feasible total no.of floors | C67: =SUM(F52,J52) -> 21
A68: 13 | B68: Permsisible BUA Consumption of offices | C68: =C24 -> 21895.162 | D68: Sqm
A69: 14 | B69: Achieved BUA by offices | C69: =L52 -> 26975.11
A73: G. BUA CALCULATION BASED ON ATTAINING THE BUA INSTEAD OF THE THE HEIGHT
A74: Setback Stage | B74: Height Band Applicable | C74: Floor Plate Area (Sqm) | D74: Height Available (m) | E74: No.of permissible floors (@3.3m high floors) | F74: No. of Floors parking (@2.4m high floors) | G74: BUA Consumed (Parking) | H74: Height Consumed (Parking) | I74: Remaining Height (m) | J74: Floors to be achieved @ 3.3M | K74: Achievable BUA | L74: Permmissible BUA distribution | M74: No.of floors based on permissible BUA | N74: Height Consumed (Office)(m) | O74: Total height
A75: 6 m setback | B75: Upto 24 m | C75: =C8 -> 1973.43 | D75: 24 | E75: =24/3.3 -> 7.2727273 | F75: =F49 -> 2 | G75: =G49 -> 3946.86 | H75: =H49 -> 4.8 | I75: =D75-H75 -> 19.2 | J75: =INT(I75/C17) -> 5 | K75: =J75*C75 -> 9867.15 | L75: =MIN(C24, K75) -> 9867.15 | M75: =ROUNDDOWN((L75/C75),0) -> 5 | N75: =C17*M75 -> 16.5 | O75: =H75+N75 -> 21.3
A76: 9 m setback | B76: 24 m - 37.5 m | C76: =C9 -> 1520.09 | D76: 13.5 | E76: =D76/3.3 -> 4.0909091 | F76: =F50 -> 0 | G76: =G50 -> 0 | H76: =H50 -> 0 | I76: =D76-H76 -> 13.5 | J76: =INT(I76/C17) -> 4 | K76: =J76*C76 -> 6080.36 | L76: =MAX(0, MIN(K76, C24 - L75)) -> 6080.36 | M76: =ROUNDDOWN((L76/C76),0) -> 4 | N76: =C17*M76 -> 13.2 | O76: =H76+N76 -> 13.2
A77: 12 m setback | B77: Beyond 37.5 m (no height limit) | C77: =C10 -> 1102.76 | D77: =$C$15 - 37.5 -> 35.7 | E77: =INT(D77/C43) -> 0 | F77: =F51 -> 0 | G77: =G51 -> 0 | H77: =H51 -> 0 | I77: =D77-H77 -> 35.7 | J77: =INT(I77/C17) -> 10 | K77: =J77*C77 -> 11027.6 | L77: =MAX(0, MIN(K77, C24 - L75 - L76)) -> 5947.6516 | M77: =ROUNDDOWN((L77/C77),0) -> 5 | N77: =C17*M77 -> 16.5 | O77: =H77+N77 -> 16.5
A78: TOTAL | F78: =F75+F76+F77 -> 2 | G78: =SUM(G75:G77) -> 3946.86 | H78: =SUM(H75:H77) -> 4.8 | I78: feasible office floors | J78: =SUM(J75:J77) -> 19 | K78: =SUM(K75:K77) -> 26975.11 | L78: =L75+L76+L77 -> 21895.162 | M78: =SUM(M75:M77) -> 14 | N78: =SUM(N75:N77) -> 46.2 | O78: =SUM(O75:O77) -> 51
L80: PODIUM FLOORS | M80: =F78 -> 2
L81: OFFICE FLOORS | M81: =M78 -> 14
L82: TOTAL FLOORS | M82: =SUM(M80:M81) -> 16

Sheet 146.3.4
A1: EXAMINING THE FEASIBILITY OF CONSUMPTION OF BUILT UP AREA
A2: CGO OFFICE COMPLEX
A4: A. PLOT, FSI & REGULATORY INPUTS (enter values for the plot being checked)
A5: Sr.No | B5: Particulars | C5: Details | D5: Units
A6: 1 | B6: Plot Number / Identification | C6: 146 3/4
A7: 2 | B7: Plot Area | C7: 3167.73 | D7: Sqm
A8: 3 | B8: Ground Coverage (footprint at ground level) | C8: 1725.87
A9: 4 | B9: Ground Coverage (Between heights 24m to 37.5m) | C9: 1315.39
A10: 5 | B10: Ground Coverage (Above the height of 37.5m) | C10: 940.54 | D10: Sqm
A11: 6 | B11: Total Permissible FSI (Base + Additional) | C11: =CGO_PLOT_DIMENSIONS!G9 -> 10.8 | D11: —
A12: 7 | B12: Additional area for chowk, shaft, etc. | C12: 0.3 | D12: %
A13: 8 | B13: Front Setback | C13: 12 m
A14: 7 | B14: Side Setback | C14: 6 m
A15: 10 | B15: Max. Permissible Height of Building | C15: =CGO_PLOT_DIMENSIONS!I9 -> 164.7 | D15: m
A16: 11 | B16: Plinth Height | C16: 0.15 | D16: m
A17: 12 | B17: Typical Office Floor-to-Floor Height | C17: 3.3 | D17: m
A18: 13 | B18: Podium Parking Floor-to-Floor Height | C18: 2.4 | D18: m
A20: B. PERMISSIBLE BUA CALCULATION
A21: Sr.No | B21: Particulars | C21: Details | D21: Units
A22: 1 | B22: Total Permissible BUA (Plot Area x FSI) | C22: =C7*C11 -> 34211.484 | D22: Sqm
A23: 2 | B23: Additional area for chowk, shaft, etc. | C23: =C22*C12 -> 10263.445 | D23: Sqm
A24: 3 | B24: Total BUA | C24: =C22+C23 -> 44474.929 | D24: Sqm
A26: C. BASEMENT CALCULATION
A27: Sr.No | B27: Particulars | C27: Details | D27: Units
A28: 1 | B28: Basement Setback from Plot Boundary (DCR 1991) | C28: 1.5 | D28: m
A29: 2 | B29: Basement Floor Plate Area (achievable footprint after 1.5 m margin) | C29: =CGO_PLOT_DIMENSIONS!H9 -> 2826.33 | D29: Sqm
A30: 3 | B30: No. of Basement Floors Proposed | C30: 3 | D30: Nos.
A31: 4 | B31: Basement Floor-to-Floor Height | C31: 3.3 | D31: m
A32: 5 | B32: Total Basement BUA (Floors x Floor Plate) | C32: =C30*C29 -> 8478.99 | D32: Sqm
A34: D. PARKING REQUIREMENTS
A35: Sr.No | B35: Particulars | C35: Value | D35: Units
A36: 1 | B36: Parking upto 1500 Sqm @ 37.5 Sqm per space | C36: =IF(C32<=1500, C32/37.5, 1500/37.5) -> 40 | D36: Nos.
A37: 2 | B37: Remaining Built up Area (BUA - 1500) | C37: =C24-1500 -> 42974.929 | D37: Sqm
A38: 3 | B38: Parking for remaining BUA @ 75 Sqm per space | C38: =IF(C24>1500, (C24-1500)/75, 0) -> 572.99906 | D38: Nos.
A39: 4 | B39: Total Parking Required | C39: =C36+C38 -> 612.99906 | D39: Nos.
A40: 5 | B40: Additional 10% Visitor Parking | C40: =C39*0.1 -> 61.299906 | D40: Nos.
A41: 6 | B41: Total Parking with Visitor | C41: =C39+C40 -> 674.29896 | D41: Nos.
A42: 7 | B42: BUA required for parking @ 35 Sqm per car | C42: =C41*35 -> 23600.464 | D42: Sqm
A43: 8 | B43: Parking requrement met in Basement | C43: =C32 -> 8478.99
A44: 9 | B44: Balance Parking area required | C44: =C42-C43 -> 15121.474 | D44: Sqm
A45: 10 | B45: Nos. of podium floors required for Parking | C45: =ROUNDUP( C44 / C8, 0) -> 9 | D45: Nos.
A47: E. SIDE CALCULATION: FLOOR PLATE BREAKDOWN BY SETBACK
A48: Setback Stage | B48: Height Band Applicable | C48: Floor Plate Area (Sqm) | D48: Height Available (m) | E48: No.of permissible floors (@3.3m high floors) | F48: No. of Floors parking (@2.4m high floors) | G48: BUA Consumed (Parking) | H48: Height Consumed (Parking) | I48: Remaining Height (m) | J48: Office Floors | K48: Height Consumed (Office)(m) | L48: Gross BUA office spaces | M48: TOTAL HEIGHT
A49: 6 m setback | B49: Upto 24 m | C49: =C8 -> 1725.87 | D49: 24 | E49: =24/3.3 -> 7.2727273 | F49: =MIN(ROUNDUP(C44 /C49, 0), 10) -> 9 | G49: =C49*F49 -> 15532.83 | H49: =F49* $C$18 -> 21.6 | I49: =D49-H49 -> 2.4 | J49: =INT(I49/C17) -> 0 | K49: =J49 * $C$17 -> 0 | L49: =C49*J49 -> 0 | M49: =( F49* C18 ) + ( J49 * C17 ) -> 21.6
A50: 9 m setback | B50: 24 m - 37.5 m | C50: =C9 -> 1315.39 | D50: 13.5 | E50: =D50/3.3 -> 4.0909091 | F50: =IF(C45>10,MIN(ROUNDUP((C44-(G49))/C50,0),0),0) -> 0 | G50: =C50*F50 -> 0 | H50: =F50* $C$18 -> 0 | I50: =D50-H50 -> 13.5 | J50: =INT(I50/C17) -> 4 | K50: =J50 * $C$17 -> 13.2 | L50: =C50*J50 -> 5261.56 | M50: =( F50* C18 ) + ( J50 * C17 ) -> 13.2
A51: 12 m setback | B51: Beyond 37.5 m (no height limit) | C51: =C10 -> 940.54 | D51: =$C$15 - 37.5 -> 127.2 | E51: =INT(D51/C17) -> 38 | F51: =IF((C44 - G49 - G50) > 0, MIN(ROUNDUP((C44 - G49 - G50) / C51, 0), 0),0) -> 0 | G51: =C51*F51 -> 0 | H51: =F51* $C$18 -> 0 | I51: =D51-H51 -> 127.2 | J51: =INT(I51/C17) -> 38 | K51: =J51 * $C$17 -> 125.4 | L51: =C51*J51 -> 35740.52 | M51: =( F51* C18 ) + ( J51 * C17 ) -> 125.4
A52: TOTAL | F52: =F49+F50+F51 -> 9 | G52: =SUM(G49:G51) -> 15532.83 | H52: =SUM(H49:H51) -> 21.6 | I52: feasible office floors | J52: =SUM(J49:J51) -> 42 | K52: =SUM(K49:K51) -> 138.6 | L52: =L49+L50+L51 -> 41002.08 | M52: =SUM(M49:M51) -> 160.2
A54: F. HEIGHT ANALYSIS & FEASIBILITY
A55: Sr.No | B55: Particulars | C55: Value | D55: Units
A56: 1 | B56: Max. Permissible Height | C56: =C15 -> 164.7 | D56: m
A57: 2 | B57: Plinth Height | C57: 0.15 | D57: m
A58: 3 | B58: Estimated Podium Parking Floors | C58: =C45 -> 9 | D58: Nos.
A59: 4 | B59: Podium Height @ 2.4m per floor | C59: =C58*2.4 -> 21.6 | D59: m
A60: 5 | B60: Balance Height for Office | C60: =C56-(C59+C57) -> 142.95 | D60: m
A61: 6 | B61: Actual total height consumed | C61: =(SUM(J49,J50,J51) * 3.3) + (SUM(F49,F50,F51) * 2.4) + C57 -> 160.35 | D61: m
A62: 7 | B62: Height consumed for offices | C62: =K52 -> 138.6
A63: 8 | B63: Height per Office Floor | C63: 3.3 | D63: m
A64: 9 | B64: Permissible Office Floors based on norms | C64: =INT(C60/C63) -> 43 | D64: Nos.
A65: 10 | B65: Total permissible Floors (Podium + Office) | C65: =C64+C58 -> 52 | D65: Nos.
A66: 11 | B66: Feasible office floors | C66: =J52 -> 42
A67: 12 | B67: Feasible total no.of floors | C67: =SUM(F52,J52) -> 51
A68: 13 | B68: Permsisible BUA Consumption of offices | C68: =C24 -> 44474.929 | D68: Sqm
A69: 14 | B69: Achieved BUA by offices | C69: =L52 -> 41002.08
A73: G. BUA CALCULATION BASED ON ATTAINING THE BUA INSTEAD OF THE THE HEIGHT
A74: Setback Stage | B74: Height Band Applicable | C74: Floor Plate Area (Sqm) | D74: Height Available (m) | E74: No.of permissible floors (@3.3m high floors) | F74: No. of Floors parking (@2.4m high floors) | G74: BUA Consumed (Parking) | H74: Height Consumed (Parking) | I74: Remaining Height (m) | J74: Floors to be achieved @ 3.3M | K74: Achievable BUA | L74: Permmissible BUA distribution | M74: No.of floors based on permissible BUA | N74: Height Consumed (Office)(m) | O74: Total height
A75: 6 m setback | B75: Upto 24 m | C75: =C8 -> 1725.87 | D75: 24 | E75: =24/3.3 -> 7.2727273 | F75: =F49 -> 9 | G75: =G49 -> 15532.83 | H75: =H49 -> 21.6 | I75: =D75-H75 -> 2.4 | J75: =INT(I75/C17) -> 0 | K75: =J75*C75 -> 0 | L75: =MIN(C24, K75) -> 0 | M75: =ROUNDDOWN((L75/C75),0) -> 0 | N75: =C17*M75 -> 0 | O75: =H75+N75 -> 21.6
A76: 9 m setback | B76: 24 m - 37.5 m | C76: =C9 -> 1315.39 | D76: 13.5 | E76: =D76/3.3 -> 4.0909091 | F76: =F50 -> 0 | G76: =G50 -> 0 | H76: =H50 -> 0 | I76: =D76-H76 -> 13.5 | J76: =INT(I76/C17) -> 4 | K76: =J76*C76 -> 5261.56 | L76: =MAX(0, MIN(K76, C24 - L75)) -> 5261.56 | M76: =ROUNDDOWN((L76/C76),0) -> 4 | N76: =C17*M76 -> 13.2 | O76: =H76+N76 -> 13.2
A77: 12 m setback | B77: Beyond 37.5 m (no height limit) | C77: =C10 -> 940.54 | D77: =$C$15 - 37.5 -> 127.2 | E77: =INT(D77/C43) -> 0 | F77: =F51 -> 0 | G77: =G51 -> 0 | H77: =H51 -> 0 | I77: =D77-H77 -> 127.2 | J77: =INT(I77/C17) -> 38 | K77: =J77*C77 -> 35740.52 | L77: =MAX(0, MIN(K77, C24 - L75 - L76)) -> 35740.52 | M77: =ROUNDDOWN((L77/C77),0) -> 38 | N77: =C17*M77 -> 125.4 | O77: =H77+N77 -> 125.4
A78: TOTAL | F78: =F75+F76+F77 -> 9 | G78: =SUM(G75:G77) -> 15532.83 | H78: =SUM(H75:H77) -> 21.6 | I78: feasible office floors | J78: =SUM(J75:J77) -> 42 | K78: =SUM(K75:K77) -> 41002.08 | L78: =L75+L76+L77 -> 41002.08 | M78: =SUM(M75:M77) -> 42 | N78: =SUM(N75:N77) -> 138.6 | O78: =SUM(O75:O77) -> 160.2
L80: PODIUM FLOORS | M80: =F78 -> 9
L81: OFFICE FLOORS | M81: =M78 -> 42
L82: TOTAL FLOORS | M82: =SUM(M80:M81) -> 51

Sheet 146.1.2
A1: EXAMINING THE FEASIBILITY OF CONSUMPTION OF BUILT UP AREA
A2: CGO OFFICE COMPLEX
A4: A. PLOT, FSI & REGULATORY INPUTS (enter values for the plot being checked)
A5: Sr.No | B5: Particulars | C5: Details | D5: Units
A6: 1 | B6: Plot Number / Identification | C6: 146 1/2
A7: 2 | B7: Plot Area | C7: 3167.22 | D7: Sqm
A8: 3 | B8: Ground Coverage (footprint at ground level) | C8: 1724.52
A9: 4 | B9: Ground Coverage (Between heights 24m to 37.5m) | C9: 1314.31
A10: 5 | B10: Ground Coverage (Above the height of 37.5m) | C10: 940.3 | D10: Sqm
A11: 6 | B11: Total Permissible FSI (Base + Additional) | C11: =CGO_PLOT_DIMENSIONS!G8 -> 10.8 | D11: —
A12: 7 | B12: Additional area for chowk, shaft, etc. | C12: 0.3 | D12: %
A13: 8 | B13: Front Setback | C13: 12 m
A14: 7 | B14: Side Setback | C14: 6 m
A15: 10 | B15: Max. Permissible Height of Building | C15: =CGO_PLOT_DIMENSIONS!I8 -> 164.7 | D15: m
A16: 11 | B16: Plinth Height | C16: 0.15 | D16: m
A17: 12 | B17: Typical Office Floor-to-Floor Height | C17: 3.3 | D17: m
A18: 13 | B18: Podium Parking Floor-to-Floor Height | C18: 2.4 | D18: m
A20: B. PERMISSIBLE BUA CALCULATION
A21: Sr.No | B21: Particulars | C21: Details | D21: Units
A22: 1 | B22: Total Permissible BUA (Plot Area x FSI) | C22: =C7*C11 -> 34205.976 | D22: Sqm
A23: 2 | B23: Additional area for chowk, shaft, etc. | C23: =C22*C12 -> 10261.793 | D23: Sqm
A24: 3 | B24: Total BUA | C24: =C22+C23 -> 44467.769 | D24: Sqm
A26: C. BASEMENT CALCULATION
A27: Sr.No | B27: Particulars | C27: Details | D27: Units
A28: 1 | B28: Basement Setback from Plot Boundary (DCR 1991) | C28: 1.5 | D28: m
A29: 2 | B29: Basement Floor Plate Area (achievable footprint after 1.5 m margin) | C29: =CGO_PLOT_DIMENSIONS!H8 -> 2825.86 | D29: Sqm
A30: 3 | B30: No. of Basement Floors Proposed | C30: 3 | D30: Nos.
A31: 4 | B31: Basement Floor-to-Floor Height | C31: 3.3 | D31: m
A32: 5 | B32: Total Basement BUA (Floors x Floor Plate) | C32: =C30*C29 -> 8477.58 | D32: Sqm
A34: D. PARKING REQUIREMENTS
A35: Sr.No | B35: Particulars | C35: Value | D35: Units
A36: 1 | B36: Parking upto 1500 Sqm @ 37.5 Sqm per space | C36: =IF(C32<=1500, C32/37.5, 1500/37.5) -> 40 | D36: Nos.
A37: 2 | B37: Remaining Built up Area (BUA - 1500) | C37: =C24-1500 -> 42967.769 | D37: Sqm
A38: 3 | B38: Parking for remaining BUA @ 75 Sqm per space | C38: =IF(C24>1500, (C24-1500)/75, 0) -> 572.90358 | D38: Nos.
A39: 4 | B39: Total Parking Required | C39: =C36+C38 -> 612.90358 | D39: Nos.
A40: 5 | B40: Additional 10% Visitor Parking | C40: =C39*0.1 -> 61.290358 | D40: Nos.
A41: 6 | B41: Total Parking with Visitor | C41: =C39+C40 -> 674.19394 | D41: Nos.
A42: 7 | B42: BUA required for parking @ 35 Sqm per car | C42: =C41*35 -> 23596.788 | D42: Sqm
A43: 8 | B43: Parking requrement met in Basement | C43: =C32 -> 8477.58
A44: 9 | B44: Balance Parking area required | C44: =C42-C43 -> 15119.208 | D44: Sqm
A45: 10 | B45: Nos. of podium floors required for Parking | C45: =ROUNDUP( C44 / C8, 0) -> 9 | D45: Nos.
A47: E. SIDE CALCULATION: FLOOR PLATE BREAKDOWN BY SETBACK
A48: Setback Stage | B48: Height Band Applicable | C48: Floor Plate Area (Sqm) | D48: Height Available (m) | E48: No.of permissible floors (@3.3m high floors) | F48: No. of Floors parking (@2.4m high floors) | G48: BUA Consumed (Parking) | H48: Height Consumed (Parking) | I48: Remaining Height (m) | J48: Office Floors | K48: Height Consumed (Office)(m) | L48: Gross BUA office spaces | M48: TOTAL HEIGHT
A49: 6 m setback | B49: Upto 24 m | C49: =C8 -> 1724.52 | D49: 24 | E49: =24/3.3 -> 7.2727273 | F49: =MIN(ROUNDUP(C44 /C49, 0), 10) -> 9 | G49: =C49*F49 -> 15520.68 | H49: =F49* $C$18 -> 21.6 | I49: =D49-H49 -> 2.4 | J49: =INT(I49/C17) -> 0 | K49: =J49 * $C$17 -> 0 | L49: =C49*J49 -> 0 | M49: =( F49* C18 ) + ( J49 * C17 ) -> 21.6
A50: 9 m setback | B50: 24 m - 37.5 m | C50: =C9 -> 1314.31 | D50: 13.5 | E50: =D50/3.3 -> 4.0909091 | F50: =IF(C45>10,MIN(ROUNDUP((C44-(G49))/C50,0),0),0) -> 0 | G50: =C50*F50 -> 0 | H50: =F50* $C$18 -> 0 | I50: =D50-H50 -> 13.5 | J50: =INT(I50/C17) -> 4 | K50: =J50 * $C$17 -> 13.2 | L50: =C50*J50 -> 5257.24 | M50: =( F50* C18 ) + ( J50 * C17 ) -> 13.2
A51: 12 m setback | B51: Beyond 37.5 m (no height limit) | C51: =C10 -> 940.3 | D51: =$C$15 - 37.5 -> 127.2 | E51: =INT(D51/C17) -> 38 | F51: =IF((C44 - G49 - G50) > 0, MIN(ROUNDUP((C44 - G49 - G50) / C51, 0), 0),0) -> 0 | G51: =C51*F51 -> 0 | H51: =F51* $C$18 -> 0 | I51: =D51-H51 -> 127.2 | J51: =INT(I51/C17) -> 38 | K51: =J51 * $C$17 -> 125.4 | L51: =C51*J51 -> 35731.4 | M51: =( F51* C18 ) + ( J51 * C17 ) -> 125.4
A52: TOTAL | F52: =F49+F50+F51 -> 9 | G52: =SUM(G49:G51) -> 15520.68 | H52: =SUM(H49:H51) -> 21.6 | I52: feasible office floors | J52: =SUM(J49:J51) -> 42 | K52: =SUM(K49:K51) -> 138.6 | L52: =L49+L50+L51 -> 40988.64 | M52: =SUM(M49:M51) -> 160.2
A54: F. HEIGHT ANALYSIS & FEASIBILITY
A55: Sr.No | B55: Particulars | C55: Value | D55: Units
A56: 1 | B56: Max. Permissible Height | C56: =C15 -> 164.7 | D56: m
A57: 2 | B57: Plinth Height | C57: 0.15 | D57: m
A58: 3 | B58: Estimated Podium Parking Floors | C58: =C45 -> 9 | D58: Nos.
A59: 4 | B59: Podium Height @ 2.4m per floor | C59: =C58*2.4 -> 21.6 | D59: m
A60: 5 | B60: Balance Height for Office | C60: =C56-(C59+C57) -> 142.95 | D60: m
A61: 6 | B61: Actual total height consumed | C61: =(SUM(J49,J50,J51) * 3.3) + (SUM(F49,F50,F51) * 2.4) + C57 -> 160.35 | D61: m
A62: 7 | B62: Height consumed for offices | C62: =K52 -> 138.6
A63: 8 | B63: Height per Office Floor | C63: 3.3 | D63: m
A64: 9 | B64: Permissible Office Floors based on norms | C64: =INT(C60/C63) -> 43 | D64: Nos.
A65: 10 | B65: Total permissible Floors (Podium + Office) | C65: =C64+C58 -> 52 | D65: Nos.
A66: 11 | B66: Feasible office floors | C66: =J52 -> 42
A67: 12 | B67: Feasible total no.of floors | C67: =SUM(F52,J52) -> 51
A68: 13 | B68: Permsisible BUA Consumption of offices | C68: =C24 -> 44467.769 | D68: Sqm
A69: 14 | B69: Achieved BUA by offices | C69: =L52 -> 40988.64
A73: G. BUA CALCULATION BASED ON ATTAINING THE BUA INSTEAD OF THE THE HEIGHT
A74: Setback Stage | B74: Height Band Applicable | C74: Floor Plate Area (Sqm) | D74: Height Available (m) | E74: No.of permissible floors (@3.3m high floors) | F74: No. of Floors parking (@2.4m high floors) | G74: BUA Consumed (Parking) | H74: Height Consumed (Parking) | I74: Remaining Height (m) | J74: Floors to be achieved @ 3.3M | K74: Achievable BUA | L74: Permmissible BUA distribution | M74: No.of floors based on permissible BUA | N74: Height Consumed (Office)(m) | O74: Total height
A75: 6 m setback | B75: Upto 24 m | C75: =C8 -> 1724.52 | D75: 24 | E75: =24/3.3 -> 7.2727273 | F75: =F49 -> 9 | G75: =G49 -> 15520.68 | H75: =H49 -> 21.6 | I75: =D75-H75 -> 2.4 | J75: =INT(I75/C17) -> 0 | K75: =J75*C75 -> 0 | L75: =MIN(C24, K75) -> 0 | M75: =ROUNDDOWN((L75/C75),0) -> 0 | N75: =C17*M75 -> 0 | O75: =H75+N75 -> 21.6
A76: 9 m setback | B76: 24 m - 37.5 m | C76: =C9 -> 1314.31 | D76: 13.5 | E76: =D76/3.3 -> 4.0909091 | F76: =F50 -> 0 | G76: =G50 -> 0 | H76: =H50 -> 0 | I76: =D76-H76 -> 13.5 | J76: =INT(I76/C17) -> 4 | K76: =J76*C76 -> 5257.24 | L76: =MAX(0, MIN(K76, C24 - L75)) -> 5257.24 | M76: =ROUNDDOWN((L76/C76),0) -> 4 | N76: =C17*M76 -> 13.2 | O76: =H76+N76 -> 13.2
A77: 12 m setback | B77: Beyond 37.5 m (no height limit) | C77: =C10 -> 940.3 | D77: =$C$15 - 37.5 -> 127.2 | E77: =INT(D77/C43) -> 0 | F77: =F51 -> 0 | G77: =G51 -> 0 | H77: =H51 -> 0 | I77: =D77-H77 -> 127.2 | J77: =INT(I77/C17) -> 38 | K77: =J77*C77 -> 35731.4 | L77: =MAX(0, MIN(K77, C24 - L75 - L76)) -> 35731.4 | M77: =ROUNDDOWN((L77/C77),0) -> 38 | N77: =C17*M77 -> 125.4 | O77: =H77+N77 -> 125.4
A78: TOTAL | F78: =F75+F76+F77 -> 9 | G78: =SUM(G75:G77) -> 15520.68 | H78: =SUM(H75:H77) -> 21.6 | I78: feasible office floors | J78: =SUM(J75:J77) -> 42 | K78: =SUM(K75:K77) -> 40988.64 | L78: =L75+L76+L77 -> 40988.64 | M78: =SUM(M75:M77) -> 42 | N78: =SUM(N75:N77) -> 138.6 | O78: =SUM(O75:O77) -> 160.2
L80: PODIUM FLOORS | M80: =F78 -> 9
L81: OFFICE FLOORS | M81: =M78 -> 42
L82: TOTAL FLOORS | M82: =SUM(M80:M81) -> 51

Sheet 145.3.4
A1: EXAMINING THE FEASIBILITY OF CONSUMPTION OF BUILT UP AREA
A2: CGO OFFICE COMPLEX
A4: A. PLOT, FSI & REGULATORY INPUTS (enter values for the plot being checked)
A5: Sr.No | B5: Particulars | C5: Details | D5: Units
A6: 1 | B6: Plot Number / Identification | C6: =CGO_PLOT_DIMENSIONS!B6 -> 145 3/4
A7: 2 | B7: Plot Area | C7: =CGO_PLOT_DIMENSIONS!C6 -> 3167.85 | D7: Sqm
A8: 3 | B8: Ground Coverage (footprint at ground level) | C8: =CGO_PLOT_DIMENSIONS!D6 -> 1725.34
A9: 4 | B9: Ground Coverage (Between heights 24m to 37.5m) | C9: =CGO_PLOT_DIMENSIONS!E6 -> 1314.98
A10: 5 | B10: Ground Coverage (Above the height of 37.5m) | C10: =CGO_PLOT_DIMENSIONS!F6 -> 940.62 | D10: Sqm
A11: 6 | B11: Total Permissible FSI (Base + Additional) | C11: =CGO_PLOT_DIMENSIONS!G6 -> 10.8 | D11: —
A12: 7 | B12: Additional area for chowk, shaft, etc. | C12: 0.3 | D12: %
A13: 8 | B13: Front Setback | C13: 12 m
A14: 7 | B14: Side Setback | C14: 6 m
A15: 10 | B15: Max. Permissible Height of Building | C15: =CGO_PLOT_DIMENSIONS!I6 -> 164.7 | D15: m
A16: 11 | B16: Plinth Height | C16: 0.15 | D16: m
A17: 12 | B17: Typical Office Floor-to-Floor Height | C17: 3.3 | D17: m
A18: 13 | B18: Podium Parking Floor-to-Floor Height | C18: 2.4 | D18: m
A20: B. PERMISSIBLE BUA CALCULATION
A21: Sr.No | B21: Particulars | C21: Details | D21: Units
A22: 1 | B22: Total Permissible BUA (Plot Area x FSI) | C22: =C7*C11 -> 34212.78 | D22: Sqm
A23: 2 | B23: Additional area for chowk, shaft, etc. | C23: =C22*C12 -> 10263.834 | D23: Sqm
A24: 3 | B24: Total BUA | C24: =C22+C23 -> 44476.614 | D24: Sqm
A26: C. BASEMENT CALCULATION
A27: Sr.No | B27: Particulars | C27: Details | D27: Units
A28: 1 | B28: Basement Setback from Plot Boundary (DCR 1991) | C28: 1.5 | D28: m
A29: 2 | B29: Basement Floor Plate Area (achievable footprint after 1.5 m margin) | C29: =CGO_PLOT_DIMENSIONS!H6 -> 2826.44 | D29: Sqm
A30: 3 | B30: No. of Basement Floors Proposed | C30: 3 | D30: Nos.
A31: 4 | B31: Basement Floor-to-Floor Height | C31: 3.3 | D31: m
A32: 5 | B32: Total Basement BUA (Floors x Floor Plate) | C32: =C30*C29 -> 8479.32 | D32: Sqm
A34: D. PARKING REQUIREMENTS
A35: Sr.No | B35: Particulars | C35: Value | D35: Units
A36: 1 | B36: Parking upto 1500 Sqm @ 37.5 Sqm per space | C36: =IF(C32<=1500, C32/37.5, 1500/37.5) -> 40 | D36: Nos.
A37: 2 | B37: Remaining Built up Area (BUA - 1500) | C37: =C24-1500 -> 42976.614 | D37: Sqm
A38: 3 | B38: Parking for remaining BUA @ 75 Sqm per space | C38: =IF(C24>1500, (C24-1500)/75, 0) -> 573.02152 | D38: Nos.
A39: 4 | B39: Total Parking Required | C39: =C36+C38 -> 613.02152 | D39: Nos.
A40: 5 | B40: Additional 10% Visitor Parking | C40: =C39*0.1 -> 61.302152 | D40: Nos.
A41: 6 | B41: Total Parking with Visitor | C41: =C39+C40 -> 674.32367 | D41: Nos.
A42: 7 | B42: BUA required for parking @ 35 Sqm per car | C42: =C41*35 -> 23601.329 | D42: Sqm
A43: 8 | B43: Parking requrement met in Basement | C43: =C32 -> 8479.32
A44: 9 | B44: Balance Parking area required | C44: =C42-C43 -> 15122.009 | D44: Sqm
A45: 10 | B45: Nos. of podium floors required for Parking | C45: =ROUNDUP( C44 / C8, 0) -> 9 | D45: Nos.
A47: E. SIDE CALCULATION: FLOOR PLATE BREAKDOWN BY SETBACK
A48: Setback Stage | B48: Height Band Applicable | C48: Floor Plate Area (Sqm) | D48: Height Available (m) | E48: No.of permissible floors (@3.3m high floors) | F48: No. of Floors parking (@2.4m high floors) | G48: BUA Consumed (Parking) | H48: Height Consumed (Parking) | I48: Remaining Height (m) | J48: Office Floors | K48: Height Consumed (Office)(m) | L48: Gross BUA office spaces | M48: TOTAL HEIGHT
A49: 6 m setback | B49: Upto 24 m | C49: =C8 -> 1725.34 | D49: 24 | E49: =24/3.3 -> 7.2727273 | F49: =MIN(ROUNDUP(C44 /C49, 0), 10) -> 9 | G49: =C49*F49 -> 15528.06 | H49: =F49* $C$18 -> 21.6 | I49: =D49-H49 -> 2.4 | J49: =INT(I49/C17) -> 0 | K49: =J49 * $C$17 -> 0 | L49: =C49*J49 -> 0 | M49: =( F49* C18 ) + ( J49 * C17 ) -> 21.6
A50: 9 m setback | B50: 24 m - 37.5 m | C50: =C9 -> 1314.98 | D50: 13.5 | E50: =D50/3.3 -> 4.0909091 | F50: =IF(C45>10,MIN(ROUNDUP((C44-(G49))/C50,0),0),0) -> 0 | G50: =C50*F50 -> 0 | H50: =F50* $C$18 -> 0 | I50: =D50-H50 -> 13.5 | J50: =INT(I50/C17) -> 4 | K50: =J50 * $C$17 -> 13.2 | L50: =C50*J50 -> 5259.92 | M50: =( F50* C18 ) + ( J50 * C17 ) -> 13.2
A51: 12 m setback | B51: Beyond 37.5 m (no height limit) | C51: =C10 -> 940.62 | D51: =$C$15 - 37.5 -> 127.2 | E51: =INT(D51/C17) -> 38 | F51: =IF((C44 - G49 - G50) > 0, MIN(ROUNDUP((C44 - G49 - G50) / C51, 0), 0),0) -> 0 | G51: =C51*F51 -> 0 | H51: =F51* $C$18 -> 0 | I51: =D51-H51 -> 127.2 | J51: =INT(I51/C17) -> 38 | K51: =J51 * $C$17 -> 125.4 | L51: =C51*J51 -> 35743.56 | M51: =( F51* C18 ) + ( J51 * C17 ) -> 125.4
A52: TOTAL | F52: =F49+F50+F51 -> 9 | G52: =SUM(G49:G51) -> 15528.06 | H52: =SUM(H49:H51) -> 21.6 | I52: Feasibleoffice floors | J52: =SUM(J49:J51) -> 42 | K52: =SUM(K49:K51) -> 138.6 | L52: =L49+L50+L51 -> 41003.48 | M52: =SUM(M49:M51) -> 160.2
A54: F. HEIGHT ANALYSIS & FEASIBILITY
A55: Sr.No | B55: Particulars | C55: Value | D55: Units
A56: 1 | B56: Max. Permissible Height | C56: =C15 -> 164.7 | D56: m
A57: 2 | B57: Plinth Height | C57: 0.15 | D57: m
A58: 3 | B58: Estimated Podium Parking Floors | C58: =C45 -> 9 | D58: Nos.
A59: 4 | B59: Podium Height @ 2.4m per floor | C59: =C58*2.4 -> 21.6 | D59: m
A60: 5 | B60: Balance Height for Office | C60: =C56-(C59+C57) -> 142.95 | D60: m
A61: 6 | B61: Actual total height consumed | C61: =(SUM(J49,J50,J51) * 3.3) + (SUM(F49,F50,F51) * 2.4) + C57 -> 160.35 | D61: m
A62: 7 | B62: Height consumed for offices | C62: =K52 -> 138.6
A63: 8 | B63: Height per Office Floor | C63: 3.3 | D63: m
A64: 9 | B64: Permissible Office Floors based on norms | C64: =INT(C60/C63) -> 43 | D64: Nos.
A65: 10 | B65: Total permissible Floors (Podium + Office) | C65: =C64+C58 -> 52 | D65: Nos.
A66: 11 | B66: Feasible office floors | C66: =J52 -> 42
A67: 12 | B67: Feasible total no.of floors | C67: =SUM(F52,J52) -> 51
A68: 13 | B68: Permsisible BUA Consumption of offices | C68: =C24 -> 44476.614 | D68: Sqm
A69: 14 | B69: Achieved BUA by offices | C69: =L52 -> 41003.48
A73: G. BUA CALCULATION BASED ON ATTAINING THE BUA INSTEAD OF THE THE HEIGHT
A74: Setback Stage | B74: Height Band Applicable | C74: Floor Plate Area (Sqm) | D74: Height Available (m) | E74: No.of permissible floors (@3.3m high floors) | F74: No. of Floors parking (@2.4m high floors) | G74: BUA Consumed (Parking) | H74: Height Consumed (Parking) | I74: Remaining Height (m) | J74: Floors to be achieved @ 3.3M | K74: Achievable BUA | L74: Permmissible BUA distribution | M74: No.of floors based on permissible BUA | N74: Height Consumed (Office)(m) | O74: Total height
A75: 6 m setback | B75: Upto 24 m | C75: =C8 -> 1725.34 | D75: 24 | E75: =24/3.3 -> 7.2727273 | F75: =F49 -> 9 | G75: =G49 -> 15528.06 | H75: =H49 -> 21.6 | I75: =D75-H75 -> 2.4 | J75: =INT(I75/C17) -> 0 | K75: =J75*C75 -> 0 | L75: =MIN(C24, K75) -> 0 | M75: =ROUNDDOWN((L75/C75),0) -> 0 | N75: =C17*M75 -> 0 | O75: =H75+N75 -> 21.6
A76: 9 m setback | B76: 24 m - 37.5 m | C76: =C9 -> 1314.98 | D76: 13.5 | E76: =D76/3.3 -> 4.0909091 | F76: =F50 -> 0 | G76: =G50 -> 0 | H76: =H50 -> 0 | I76: =D76-H76 -> 13.5 | J76: =INT(I76/C17) -> 4 | K76: =J76*C76 -> 5259.92 | L76: =MAX(0, MIN(K76, C24 - L75)) -> 5259.92 | M76: =ROUNDDOWN((L76/C76),0) -> 4 | N76: =C17*M76 -> 13.2 | O76: =H76+N76 -> 13.2
A77: 12 m setback | B77: Beyond 37.5 m (no height limit) | C77: =C10 -> 940.62 | D77: =$C$15 - 37.5 -> 127.2 | E77: =INT(D77/C43) -> 0 | F77: =F51 -> 0 | G77: =G51 -> 0 | H77: =H51 -> 0 | I77: =D77-H77 -> 127.2 | J77: =INT(I77/C17) -> 38 | K77: =J77*C77 -> 35743.56 | L77: =MAX(0, MIN(K77, C24 - L75 - L76)) -> 35743.56 | M77: =ROUNDDOWN((L77/C77),0) -> 38 | N77: =C17*M77 -> 125.4 | O77: =H77+N77 -> 125.4
A78: TOTAL | F78: =F75+F76+F77 -> 9 | G78: =SUM(G75:G77) -> 15528.06 | H78: =SUM(H75:H77) -> 21.6 | I78: Feasibleoffice floors | J78: =SUM(J75:J77) -> 42 | K78: =SUM(K75:K77) -> 41003.48 | L78: =L75+L76+L77 -> 41003.48 | M78: =SUM(M75:M77) -> 42 | N78: =SUM(N75:N77) -> 138.6 | O78: =SUM(O75:O77) -> 160.2
L80: PODIUM FLOORS | M80: =F78 -> 9
L81: OFFICE FLOORS | M81: =M78 -> 42
L82: TOTAL FLOORS | M82: =SUM(M80:M81) -> 51

Sheet 145.1.2
A1: EXAMINING THE FEASIBILITY OF CONSUMPTION OF BUILT UP AREA
A2: CGO OFFICE COMPLEX
A4: A. PLOT, FSI & REGULATORY INPUTS (enter values for the plot being checked)
A5: Sr.No | B5: Particulars | C5: Details | D5: Units
A6: 1 | B6: Plot Number / Identification | C6: =CGO_PLOT_DIMENSIONS!B5 -> 145 1/2
A7: 2 | B7: Plot Area | C7: =CGO_PLOT_DIMENSIONS!C5 -> 3167.09 | D7: Sqm
A8: 3 | B8: Ground Coverage (footprint at ground level) | C8: =CGO_PLOT_DIMENSIONS!D5 -> 1724.47
A9: 4 | B9: Ground Coverage (Between heights 24m to 37.5m) | C9: =CGO_PLOT_DIMENSIONS!E5 -> 1314.53
A10: 5 | B10: Ground Coverage (Above the height of 37.5m) | C10: =CGO_PLOT_DIMENSIONS!F6 -> 940.62 | D10: Sqm
A11: 6 | B11: Total Permissible FSI (Base + Additional) | C11: 10.8 | D11: —
A12: 7 | B12: Additional area for chowk, shaft, etc. | C12: 0.3 | D12: %
A13: 8 | B13: Front Setback | C13: 12 m
A14: 7 | B14: Side Setback | C14: 6 m
A15: 10 | B15: Max. Permissible Height of Building | C15: 164.7 | D15: m
A16: 11 | B16: Plinth Height | C16: 0.15 | D16: m
A17: 12 | B17: Typical Office Floor-to-Floor Height | C17: 3.3 | D17: m
A18: 13 | B18: Podium Parking Floor-to-Floor Height | C18: 2.4 | D18: m
A20: B. PERMISSIBLE BUA CALCULATION
A21: Sr.No | B21: Particulars | C21: Details | D21: Units
A22: 1 | B22: Total Permissible BUA (Plot Area x FSI) | C22: =C7*C11 -> 34204.572 | D22: Sqm
A23: 2 | B23: Additional area for chowk, shaft, etc. | C23: =C22*C12 -> 10261.372 | D23: Sqm
A24: 3 | B24: Total BUA | C24: =C22+C23 -> 44465.944 | D24: Sqm
A26: C. BASEMENT CALCULATION
A27: Sr.No | B27: Particulars | C27: Details | D27: Units
A28: 1 | B28: Basement Setback from Plot Boundary (DCR 1991) | C28: 1.5 | D28: m
A29: 2 | B29: Basement Floor Plate Area (achievable footprint after 1.5 m margin) | C29: =CGO_PLOT_DIMENSIONS!H5 -> 2825.34 | D29: Sqm
A30: 3 | B30: No. of Basement Floors Proposed | C30: 3 | D30: Nos.
A31: 4 | B31: Basement Floor-to-Floor Height | C31: 3.3 | D31: m
A32: 5 | B32: Total Basement BUA (Floors x Floor Plate) | C32: =C30*C29 -> 8476.02 | D32: Sqm
A34: D. PARKING REQUIREMENTS
A35: Sr.No | B35: Particulars | C35: Value | D35: Units
A36: 1 | B36: Parking upto 1500 Sqm @ 37.5 Sqm per space | C36: =IF(C32<=1500, C32/37.5, 1500/37.5) -> 40 | D36: Nos.
A37: 2 | B37: Remaining Built up Area (BUA - 1500) | C37: =C24-1500 -> 42965.944 | D37: Sqm
A38: 3 | B38: Parking for remaining BUA @ 75 Sqm per space | C38: =IF(C24>1500, (C24-1500)/75, 0) -> 572.87925 | D38: Nos.
A39: 4 | B39: Total Parking Required | C39: =C36+C38 -> 612.87925 | D39: Nos.
A40: 5 | B40: Additional 10% Visitor Parking | C40: =C39*0.1 -> 61.287925 | D40: Nos.
A41: 6 | B41: Total Parking with Visitor | C41: =C39+C40 -> 674.16717 | D41: Nos.
A42: 7 | B42: BUA required for parking @ 35 Sqm per car | C42: =C41*35 -> 23595.851 | D42: Sqm
A43: 8 | B43: Parking requrement met in Basement | C43: =C32 -> 8476.02
A44: 9 | B44: Balance Parking area required | C44: =C42-C43 -> 15119.831 | D44: Sqm
A45: 10 | B45: Nos. of podium floors required for Parking | C45: =ROUNDUP( C44 / C8, 0) -> 9 | D45: Nos.
A47: E. SIDE CALCULATION: FLOOR PLATE BREAKDOWN BY SETBACK
A48: Setback Stage | B48: Height Band Applicable | C48: Floor Plate Area (Sqm) | D48: Height Available (m) | E48: No.of permissible floors (@3.3m high floors) | F48: No. of Floors parking (@2.4m high floors) | G48: BUA Consumed (Parking) | H48: Height Consumed (Parking) | I48: Remaining Height (m) | J48: Office Floors | K48: Height Consumed (Office)(m) | L48: Gross BUA office spaces | M48: TOTAL HEIGHT
A49: 6 m setback | B49: Upto 24 m | C49: =C8 -> 1724.47 | D49: 24 | E49: =24/3.3 -> 7.2727273 | F49: =MIN(ROUNDUP(C44 /C49, 0), 10) -> 9 | G49: =C49*F49 -> 15520.23 | H49: =F49* $C$18 -> 21.6 | I49: =D49-H49 -> 2.4 | J49: =INT(I49/C17) -> 0 | K49: =J49 * $C$17 -> 0 | L49: =C49*J49 -> 0 | M49: =( F49* C18 ) + ( J49 * C17 ) -> 21.6
A50: 9 m setback | B50: 24 m - 37.5 m | C50: =C9 -> 1314.53 | D50: 13.5 | E50: =D50/3.3 -> 4.0909091 | F50: =IF(C45>10,MIN(ROUNDUP((C44-(G49))/C50,0),0),0) -> 0 | G50: =C50*F50 -> 0 | H50: =F50* $C$18 -> 0 | I50: =D50-H50 -> 13.5 | J50: =INT(I50/C17) -> 4 | K50: =J50 * $C$17 -> 13.2 | L50: =C50*J50 -> 5258.12 | M50: =( F50* C18 ) + ( J50 * C17 ) -> 13.2
A51: 12 m setback | B51: Beyond 37.5 m (no height limit) | C51: =C10 -> 940.62 | D51: =$C$15 - 37.5 -> 127.2 | E51: =INT(D51/C17) -> 38 | F51: =IF((C44 - G49 - G50) > 0, MIN(ROUNDUP((C44 - G49 - G50) / C51, 0), 0),0) -> 0 | G51: =C51*F51 -> 0 | H51: =F51* $C$18 -> 0 | I51: =D51-H51 -> 127.2 | J51: =INT(I51/C17) -> 38 | K51: =J51 * $C$17 -> 125.4 | L51: =C51*J51 -> 35743.56 | M51: =( F51* C18 ) + ( J51 * C17 ) -> 125.4
A52: TOTAL | F52: =F49+F50+F51 -> 9 | G52: =SUM(G49:G51) -> 15520.23 | H52: =SUM(H49:H51) -> 21.6 | I52: feasible office floors | J52: =SUM(J49:J51) -> 42 | K52: =SUM(K49:K51) -> 138.6 | L52: =L49+L50+L51 -> 41001.68 | M52: =SUM(M49:M51) -> 160.2
A54: F. HEIGHT ANALYSIS & FEASIBILITY
A55: Sr.No | B55: Particulars | C55: Value | D55: Units
A56: 1 | B56: Max. Permissible Height | C56: =C15 -> 164.7 | D56: m
A57: 2 | B57: Plinth Height | C57: 0.15 | D57: m
A58: 3 | B58: Estimated Podium Parking Floors | C58: =C45 -> 9 | D58: Nos.
A59: 4 | B59: Podium Height @ 2.4m per floor | C59: =C58*2.4 -> 21.6 | D59: m
A60: 5 | B60: Balance Height for Office | C60: =C56-(C59+C57) -> 142.95 | D60: m
A61: 6 | B61: Actual total height consumed | C61: =(SUM(J49,J50,J51) * 3.3) + (SUM(F49,F50,F51) * 2.4) + C57 -> 160.35 | D61: m
A62: 7 | B62: Height consumed for offices | C62: =K52 -> 138.6
A63: 8 | B63: Height per Office Floor | C63: 3.3 | D63: m
A64: 9 | B64: Permissible Office Floors based on norms | C64: =INT(C60/C63) -> 43 | D64: Nos.
A65: 10 | B65: Total permissible Floors (Podium + Office) | C65: =C64+C58 -> 52 | D65: Nos.
A66: 11 | B66: Feasible office floors | C66: =J52 -> 42
A67: 12 | B67: Feasible total no.of floors | C67: =SUM(F52,J52) -> 51
A68: 13 | B68: Permsisible BUA Consumption of offices | C68: =C24 -> 44465.944 | D68: Sqm
A69: 14 | B69: Achieved BUA by offices | C69: =L52 -> 41001.68
A73: G. BUA CALCULATION BASED ON ATTAINING THE BUA INSTEAD OF THE THE HEIGHT
A74: Setback Stage | B74: Height Band Applicable | C74: Floor Plate Area (Sqm) | D74: Height Available (m) | E74: No.of permissible floors (@3.3m high floors) | F74: No. of Floors parking (@2.4m high floors) | G74: BUA Consumed (Parking) | H74: Height Consumed (Parking) | I74: Remaining Height (m) | J74: Floors to be achieved @ 3.3M | K74: Achievable BUA | L74: Permmissible BUA distribution | M74: No.of floors based on permissible BUA | N74: Height Consumed (Office)(m) | O74: Total height
A75: 6 m setback | B75: Upto 24 m | C75: =C8 -> 1724.47 | D75: 24 | E75: =24/3.3 -> 7.2727273 | F75: =F49 -> 9 | G75: =G49 -> 15520.23 | H75: =H49 -> 21.6 | I75: =D75-H75 -> 2.4 | J75: =INT(I75/C17) -> 0 | K75: =J75*C75 -> 0 | L75: =MIN(C24, K75) -> 0 | M75: =ROUNDDOWN((L75/C75),0) -> 0 | N75: =C17*M75 -> 0 | O75: =H75+N75 -> 21.6
A76: 9 m setback | B76: 24 m - 37.5 m | C76: =C9 -> 1314.53 | D76: 13.5 | E76: =D76/3.3 -> 4.0909091 | F76: =F50 -> 0 | G76: =G50 -> 0 | H76: =H50 -> 0 | I76: =D76-H76 -> 13.5 | J76: =INT(I76/C17) -> 4 | K76: =J76*C76 -> 5258.12 | L76: =MAX(0, MIN(K76, C24 - L75)) -> 5258.12 | M76: =ROUNDDOWN((L76/C76),0) -> 4 | N76: =C17*M76 -> 13.2 | O76: =H76+N76 -> 13.2
A77: 12 m setback | B77: Beyond 37.5 m (no height limit) | C77: =C10 -> 940.62 | D77: =$C$15 - 37.5 -> 127.2 | E77: =INT(D77/C43) -> 0 | F77: =F51 -> 0 | G77: =G51 -> 0 | H77: =H51 -> 0 | I77: =D77-H77 -> 127.2 | J77: =INT(I77/C17) -> 38 | K77: =J77*C77 -> 35743.56 | L77: =MAX(0, MIN(K77, C24 - L75 - L76)) -> 35743.56 | M77: =ROUNDDOWN((L77/C77),0) -> 38 | N77: =C17*M77 -> 125.4 | O77: =H77+N77 -> 125.4
A78: TOTAL | F78: =F75+F76+F77 -> 9 | G78: =SUM(G75:G77) -> 15520.23 | H78: =SUM(H75:H77) -> 21.6 | I78: feasible office floors | J78: =SUM(J75:J77) -> 42 | K78: =SUM(K75:K77) -> 41001.68 | L78: =L75+L76+L77 -> 41001.68 | M78: =SUM(M75:M77) -> 42 | N78: =SUM(N75:N77) -> 138.6 | O78: =SUM(O75:O77) -> 160.2
L80: PODIUM FLOORS | M80: =F78 -> 9
L81: OFFICE FLOORS | M81: =M78 -> 42
L82: TOTAL FLOORS | M82: =SUM(M80:M81) -> 51

Sheet CGO_PLOT_DIMENSIONS
A1: CGO COMPLEX – PLOT DIMENSIONS & GC AREA SUMMARY
A2: Setback Scenarios: 12M Front + 6M Side | 12M Front + 9M Side | 12M All Sides
A3: Plot | B3: Sub-Plot | C3: Area (SQM) | D3: GC Area – 12M Front + 6M Side (SQM) | E3: GC Area – 12M Front + 9M Side (SQM) | F3: GC Area – 12M All Sides (SQM) | G3: FSI | H3: BASEMENT FLOOR PLATE AREA WITH 1.5M SETBACK (SQM) | I3: MAX.HEIGHT
A4: PLOT 145 (Inc. 1/2/3/4) | B4: TOTAL | C4: 6334.49
B5: 145 1/2 | C5: 3167.09 | D5: 1724.47 | E5: 1314.53 | F5: 940.1 | G5: 10.8 | H5: 2825.34 | I5: 164.7
B6: 145 3/4 | C6: 3167.85 | D6: 1725.34 | E6: 1314.98 | F6: 940.62 | G6: 10.8 | H6: 2826.44 | I6: 164.7
A7: PLOT 146 (Inc. 1/2/3/4) | B7: TOTAL | C7: 6334.49
B8: 146 1/2 | C8: 3167.22 | D8: 1724.52 | E8: 1314.31 | F8: 940.3 | G8: 10.8 | H8: 2825.86 | I8: 164.7
B9: 146 3/4 | C9: 3167.73 | D9: 1725.87 | E9: 1315.39 | F9: 940.54 | G9: 10.8 | H9: 2826.33 | I9: 164.7
A10: PLOT 160 (Inc. 1/2/3/4) | B10: TOTAL | C10: 6333.57
B11: 160 1/2 | C11: 3168.5 | D11: 1725.79 | E11: 1315.32 | F11: 940.86 | G11: 10.1 | H11: 2827.04 | I11: 153.72
B12: 160 3/4 | C12: 3169 | D12: 1726.18 | E12: 1315.74 | F12: 941.31 | G12: 10.1 | H12: 2827.54 | I12: 153.72
A13: PLOT 159 (Inc. 1/2/3/4) | B13: TOTAL | C13: 6334.84
B14: 159 1/2 | C14: 3171.66 | D14: 1728.05 | E14: 1317.13 | F14: 942.2 | G14: 4 | H14: 2829.98 | I14: 87.84
B15: 159 3/4 | C15: 3172.69 | D15: 1728.8 | E15: 1317.8 | F15: 942.79 | G15: 4 | H15: 2830.95 | I15: 87.84
A16: PLOT 158 (Inc. 1/2/3/4/5/6) | B16: TOTAL | C16: 12111.56
B17: 158 1/3 | C17: 3508.84 | D17: 1973.43 | E17: 1520.09 | F17: 1102.76 | G17: 4.8 | H17: 3145.08 | I17: 73.2
B18: 158 2/4 | C18: 3507.4 | D18: 1972.23 | E18: 1518.94 | F18: 1101.65 | G18: 4.8 | H18: 3143.59 | I18: 73.2
B19: 158 5/6 | C19: 5093.99 | D19: 3140.69 | E19: 2628.68 | F19: 2150.87 | G19: 4.8 | H19: 4661.95 | I19: 73.2
A20: PLOT 157 (Inc. 1/2/3/4/5/6) | B20: TOTAL | C20: 10197.5
B21: 157 1/2 | C21: 2104.16 | D21: 965.49 | E21: 654.16 | F21: 378.82 | G21: 4.8 | H21: 1825.49 | I21: 73.2
B22: 157 3/4 | C22: 3785.56 | D22: 2158.02 | E22: 1765.12 | F22: 1408.21 | G22: 4.8 | H22: 3425.39 | I22: 73.2
B23: 157 5/6 | C23: 4308.12 | D23: 2483.1 | E23: 2080.23 | F23: 1711.56 | G23: 4.8 | H23: 3919.4 | I23: 73.2
A25: LEGEND
A26: A – Plot identifier (combined area)
A27: B – Total row for the plot group
A28: C – GC Area with 12M Front + 6M Side setbacks
A29: D – GC Area with 12M Front + 9M Side setbacks
A30: E – GC Area with 12M setback on all sides
A32: Source: CGO_COMPLEX_PLOT_DIMENSIONS.dxf | Data extracted directly from AutoCAD DXF entities | All areas in Square Metres (SQM)
